// Created using Xilinx Cse Software [ISE - 14.7]
// Date: Fri May 29 15:46:12 2026

TRST OFF;
ENDIR IDLE;
ENDDR IDLE;
STATE RESET;
STATE IDLE;
FREQUENCY 1E5 HZ;
TIR 0 ;
HIR 0 ;
TDR 0 ;
HDR 0 ;
TIR 0 ;
HIR 0 ;
HDR 0 ;
TDR 0 ;
//Loading device with 'idcode' instruction.
SIR 8 TDI (fe) SMASK (ff) ;
SDR 32 TDI (00000000) SMASK (ffffffff) TDO (f9608093) MASK (0fffffff) ;
//Check for Read/Write Protect.
SIR 8 TDI (ff) TDO (01) MASK (e3) ;
//Boundary Scan Chain Contents
//Position 1: xc95144xl
TIR 0 ;
HIR 0 ;
TDR 0 ;
HDR 0 ;
TIR 0 ;
HIR 0 ;
TDR 0 ;
HDR 0 ;
TIR 0 ;
HIR 0 ;
HDR 0 ;
TDR 0 ;
//Loading device with 'idcode' instruction.
SIR 8 TDI (fe) ;
SDR 32 TDI (00000000) TDO (f9608093) ;
//Check for Read/Write Protect.
SIR 8 TDI (ff) TDO (01) MASK (e3) ;
//Loading device with 'bypass' instruction.
SIR 8 TDI (ff) ;
//Loading device with 'ispen' instruction.
SIR 8 TDI (e8) ;
SDR 6 TDI (05) SMASK (3f) ;
// Loading device with a 'berase' instruction. 
SIR 8 TDI (ed) ;
SDR 18 TDI (03ffff) SMASK (03ffff) ;
RUNTEST 200000 TCK;
SDR 18 TDI (03fffd) TDO (03fffd) MASK (000003) ;
// Loading device with a 'fpgm' instruction. 
SIR 8 TDI (ea) ;
SDR 82 TDI (000000008c000020140005) SMASK (03ffffffffffffffffffff) TDO (0000000000000000000001) MASK (0000000000000000000000) ;
SDR 82 TDI (000004008c000000008801) TDO (0000000000000000000001) ;
SDR 82 TDI (0000080c8400008004f041) TDO (0000000000000000000001) ;
SDR 82 TDI (00000c0084000000880001) TDO (0000000000000000000001) ;
SDR 82 TDI (0000100c84000000040001) TDO (0000000000000000000001) ;
SDR 82 TDI (0000200484000020100001) TDO (0000000000000000000001) ;
SDR 82 TDI (000024048400040000a801) TDO (0000000000000000000001) ;
SDR 82 TDI (0000280c0400000000d031) TDO (0000000000000000000001) ;
SDR 82 TDI (00002c0c000000008c0031) TDO (0000000000000000000001) ;
SDR 82 TDI (0000300c000000000c0041) TDO (0000000000000000000001) ;
SDR 82 TDI (00004000c8000030040001) TDO (0000000000000000000001) ;
SDR 82 TDI (00004408c8000080088c05) TDO (0000000000000000000001) ;
SDR 82 TDI (0000480cc80000800cf011) TDO (0000000000000000000001) ;
SDR 82 TDI (00004c08c0000080cc0051) TDO (0000000000000000000001) ;
SDR 82 TDI (00005004c00000800c8023) ;
RUNTEST 20000 TCK;
SDR 82 TDI (0000800000000000080001) TDO (0000000000000000000001) MASK (0000000000000000000003) ;
SDR 82 TDI (0000840000000000040001) TDO (0000000000000000000001) MASK (0000000000000000000000) ;
SDR 82 TDI (0000880000000000080001) TDO (0000000000000000000001) ;
SDR 82 TDI (00008c0000000000440001) TDO (0000000000000000000001) ;
SDR 82 TDI (0000900000000000080001) TDO (0000000000000000000001) ;
SDR 82 TDI (0000a00800000000002001) TDO (0000000000000000000001) ;
SDR 82 TDI (0000a40800000000000001) TDO (0000000000000000000001) ;
SDR 82 TDI (0000a800000000000c0001) TDO (0000000000000000000001) ;
SDR 82 TDI (0000ac0000800000600001) TDO (0000000000000000000001) ;
SDR 82 TDI (0000b00000000000000001) TDO (0000000000000000000001) ;
SDR 82 TDI (0000c00000000400080001) TDO (0000000000000000000001) ;
SDR 82 TDI (0000c40000000000000001) TDO (0000000000000000000001) ;
SDR 82 TDI (0000c80000000000000001) TDO (0000000000000000000001) ;
SDR 82 TDI (0000cc0000000000200001) TDO (0000000000000000000001) ;
SDR 82 TDI (0000d00000000000000003) ;
RUNTEST 20000 TCK;
SDR 82 TDI (0001000000dc0000ec8901) TDO (0000000000000000000001) MASK (0000000000000000000003) ;
SDR 82 TDI (0001040008000000007101) TDO (0000000000000000000001) MASK (0000000000000000000000) ;
SDR 82 TDI (0001080000000000000001) TDO (0000000000000000000001) ;
SDR 82 TDI (00010c0000000000000001) TDO (0000000000000000000001) ;
SDR 82 TDI (0001100084000000000001) TDO (0000000000000000000001) ;
SDR 82 TDI (00012000000c0000e00c01) TDO (0000000000000000000001) ;
SDR 82 TDI (0001240000000000005401) TDO (0000000000000000000001) ;
SDR 82 TDI (0001280000000000000001) TDO (0000000000000000000001) ;
SDR 82 TDI (00012c0000000000000001) TDO (0000000000000000000001) ;
SDR 82 TDI (0001300000000000000001) TDO (0000000000000000000001) ;
SDR 82 TDI (0001408004840000f80401) TDO (0000000000000000000001) ;
SDR 82 TDI (0001440000000000007001) TDO (0000000000000000000001) ;
SDR 82 TDI (0001480008000000000001) TDO (0000000000000000000001) ;
SDR 82 TDI (00014c0040000000000001) TDO (0000000000000000000001) ;
SDR 82 TDI (0001500080000000000003) ;
RUNTEST 20000 TCK;
SDR 82 TDI (0001800000000008000001) TDO (0000000000000000000001) MASK (0000000000000000000003) ;
SDR 82 TDI (0001840000000000008801) TDO (0000000000000000000001) MASK (0000000000000000000000) ;
SDR 82 TDI (000188000000000000f001) TDO (0000000000000000000001) ;
SDR 82 TDI (00018c0000000000000401) TDO (0000000000000000000001) ;
SDR 82 TDI (0001900000000000000001) TDO (0000000000000000000001) ;
SDR 82 TDI (0001a00000000000002001) TDO (0000000000000000000001) ;
SDR 82 TDI (0001a4000000040400a841) TDO (0000000000000000000001) ;
SDR 82 TDI (0001a8100000000000d001) TDO (0000000000000000000001) ;
SDR 82 TDI (0001ac0000000000000001) TDO (0000000000000000000001) ;
SDR 82 TDI (0001b00000000000000001) TDO (0000000000000000000001) ;
SDR 82 TDI (0001c00000000000000001) TDO (0000000000000000000001) ;
SDR 82 TDI (0001c40000000000008c61) TDO (0000000000000000000001) ;
SDR 82 TDI (0001c8000000000000f001) TDO (0000000000000000000001) ;
SDR 82 TDI (0001cc0000000000000001) TDO (0000000000000000000001) ;
SDR 82 TDI (0001d00000000000008003) ;
RUNTEST 20000 TCK;
SDR 82 TDI (0002000000000000007001) TDO (0000000000000000000001) MASK (0000000000000000000003) ;
SDR 82 TDI (0002040000008000000001) TDO (0000000000000000000001) MASK (0000000000000000000000) ;
SDR 82 TDI (0002080000004000000001) TDO (0000000000000000000001) ;
SDR 82 TDI (00020c0000000000000001) TDO (0000000000000000000001) ;
SDR 82 TDI (0002100000000000000001) TDO (0000000000000000000001) ;
SDR 82 TDI (000220000000000000d001) TDO (0000000000000000000001) ;
SDR 82 TDI (0002240020000000000001) TDO (0000000000000000000001) ;
SDR 82 TDI (0002280000002000000001) TDO (0000000000000000000001) ;
SDR 82 TDI (00022c0000004008000001) TDO (0000000000000000000001) ;
SDR 82 TDI (0002300000000000000001) TDO (0000000000000000000001) ;
SDR 82 TDI (000240000000000000f801) TDO (0000000000000000000001) ;
SDR 82 TDI (0002440000000000000001) TDO (0000000000000000000001) ;
SDR 82 TDI (0002480000008000000001) TDO (0000000000000000000001) ;
SDR 82 TDI (00024c0000000000080001) TDO (0000000000000000000001) ;
SDR 82 TDI (0002500000004000000003) ;
RUNTEST 20000 TCK;
SDR 82 TDI (0002800000000000000001) TDO (0000000000000000000001) MASK (0000000000000000000003) ;
SDR 82 TDI (0002840000480000000001) TDO (0000000000000000000001) MASK (0000000000000000000000) ;
SDR 82 TDI (0002880000000004000001) TDO (0000000000000000000001) ;
SDR 82 TDI (00028c000000c000000001) TDO (0000000000000000000001) ;
SDR 82 TDI (0002900000000400000001) TDO (0000000000000000000001) ;
SDR 82 TDI (0002a00000000000000005) TDO (0000000000000000000001) ;
SDR 82 TDI (0002a40000002000000031) TDO (0000000000000000000001) ;
SDR 82 TDI (0002a80000000000008001) TDO (0000000000000000000001) ;
SDR 82 TDI (0002ac0000000000000001) TDO (0000000000000000000001) ;
SDR 82 TDI (0002b0000000c000000001) TDO (0000000000000000000001) ;
SDR 82 TDI (0002c01000000000000001) TDO (0000000000000000000001) ;
SDR 82 TDI (0002c40000000000000011) TDO (0000000000000000000001) ;
SDR 82 TDI (0002c80000000000000001) TDO (0000000000000000000001) ;
SDR 82 TDI (0002cc0000000000000001) TDO (0000000000000000000001) ;
SDR 82 TDI (0002d00000000000008003) ;
RUNTEST 20000 TCK;
SDR 82 TDI (0003001000000800008901) TDO (0000000000000000000001) MASK (0000000000000000000003) ;
SDR 82 TDI (0003040000000000007301) TDO (0000000000000000000001) MASK (0000000000000000000000) ;
SDR 82 TDI (0003080000008000000001) TDO (0000000000000000000001) ;
SDR 82 TDI (00030ce000000000000701) TDO (0000000000000000000001) ;
SDR 82 TDI (000310000000c000000101) TDO (0000000000000000000001) ;
SDR 82 TDI (0003200000000000000a01) TDO (0000000000000000000001) ;
SDR 82 TDI (0003240080000000005501) TDO (0000000000000000000001) ;
SDR 82 TDI (0003280004000000000001) TDO (0000000000000000000001) ;
SDR 82 TDI (00032ce000002000000011) TDO (0000000000000000000001) ;
SDR 82 TDI (0003300000000000000001) TDO (0000000000000000000001) ;
SDR 82 TDI (0003400004000000000401) TDO (0000000000000000000001) ;
SDR 82 TDI (0003440008000000007001) TDO (0000000000000000000001) ;
SDR 82 TDI (0003480048000000000001) TDO (0000000000000000000001) ;
SDR 82 TDI (00034c400000a000000001) TDO (0000000000000000000001) ;
SDR 82 TDI (0003500040002000000003) ;
RUNTEST 20000 TCK;
SDR 82 TDI (0003800008000000000101) TDO (0000000000000000000001) MASK (0000000000000000000003) ;
SDR 82 TDI (0003841004000008008a01) TDO (0000000000000000000001) MASK (0000000000000000000000) ;
SDR 82 TDI (000388008000000000f301) TDO (0000000000000000000001) ;
SDR 82 TDI (00038c0000000000040101) TDO (0000000000000000000001) ;
SDR 82 TDI (0003900000000000000101) TDO (0000000000000000000001) ;
SDR 82 TDI (0003a00000000000002601) TDO (0000000000000000000001) ;
SDR 82 TDI (0003a4000080000000a801) TDO (0000000000000000000001) ;
SDR 82 TDI (0003a8000000000400d101) TDO (0000000000000000000001) ;
SDR 82 TDI (0003ac0000000000000001) TDO (0000000000000000000001) ;
SDR 82 TDI (0003b00000000000000001) TDO (0000000000000000000001) ;
SDR 82 TDI (0003c00048000000000001) TDO (0000000000000000000001) ;
SDR 82 TDI (0003c40000000000008c01) TDO (0000000000000000000001) ;
SDR 82 TDI (0003c8008000000000f001) TDO (0000000000000000000001) ;
SDR 82 TDI (0003cc0000000000000001) TDO (0000000000000000000001) ;
SDR 82 TDI (0003d00000000000008003) ;
RUNTEST 20000 TCK;
SDR 82 TDI (0004000000000000000001) TDO (0000000000000000000001) MASK (0000000000000000000003) ;
SDR 82 TDI (0004040000000000000801) TDO (0000000000000000000001) MASK (0000000000000000000000) ;
SDR 82 TDI (0004080000008800000001) TDO (0000000000000000000001) ;
SDR 82 TDI (00040c0000000000080001) TDO (0000000000000000000001) ;
SDR 82 TDI (000410000000c000000001) TDO (0000000000000000000001) ;
SDR 82 TDI (0004200000000000000001) TDO (0000000000000000000001) ;
SDR 82 TDI (0004240000000000000001) TDO (0000000000000000000001) ;
SDR 82 TDI (0004280000000000000001) TDO (0000000000000000000001) ;
SDR 82 TDI (00042c0000002000000001) TDO (0000000000000000000001) ;
SDR 82 TDI (0004300000000000000001) TDO (0000000000000000000001) ;
SDR 82 TDI (0004400000000000000001) TDO (0000000000000000000001) ;
SDR 82 TDI (0004440000000000000001) TDO (0000000000000000000001) ;
SDR 82 TDI (0004480000000000000001) TDO (0000000000000000000001) ;
SDR 82 TDI (00044c000000a000000001) TDO (0000000000000000000001) ;
SDR 82 TDI (0004500000002000000003) ;
RUNTEST 20000 TCK;
SDR 82 TDI (0004800000000000000001) TDO (0000000000000000000001) MASK (0000000000000000000003) ;
SDR 82 TDI (00048410009000c0000001) TDO (0000000000000000000001) MASK (0000000000000000000000) ;
SDR 82 TDI (0004880000000000000001) TDO (0000000000000000000001) ;
SDR 82 TDI (00048c0000000000000001) TDO (0000000000000000000001) ;
SDR 82 TDI (0004900000000000000001) TDO (0000000000000000000001) ;
SDR 82 TDI (0004a01000000000000801) TDO (0000000000000000000001) ;
SDR 82 TDI (0004a40000000040000001) TDO (0000000000000000000001) ;
SDR 82 TDI (0004a80000000000000001) TDO (0000000000000000000001) ;
SDR 82 TDI (0004ac0000000000000001) TDO (0000000000000000000001) ;
SDR 82 TDI (0004b00000000000000001) TDO (0000000000000000000001) ;
SDR 82 TDI (0004c00000000000000001) TDO (0000000000000000000001) ;
SDR 82 TDI (0004c40000800040000001) TDO (0000000000000000000001) ;
SDR 82 TDI (0004c80000000000000001) TDO (0000000000000000000001) ;
SDR 82 TDI (0004cc0000000000000001) TDO (0000000000000000000001) ;
SDR 82 TDI (0004d00000000000000003) ;
RUNTEST 20000 TCK;
SDR 82 TDI (0005000000e00020000041) TDO (0000000000000000000001) MASK (0000000000000000000003) ;
SDR 82 TDI (0005040008200008000001) TDO (0000000000000000000001) MASK (0000000000000000000000) ;
SDR 82 TDI (0005080800200088000001) TDO (0000000000000000000001) ;
SDR 82 TDI (00050c0000000004000001) TDO (0000000000000000000001) ;
SDR 82 TDI (0005100800000004000001) TDO (0000000000000000000001) ;
SDR 82 TDI (0005200000000020000001) TDO (0000000000000000000001) ;
SDR 82 TDI (0005240080300000008001) TDO (0000000000000000000001) ;
SDR 82 TDI (0005280804c00004000001) TDO (0000000000000000000001) ;
SDR 82 TDI (00052c0800c00004000001) TDO (0000000000000000000001) ;
SDR 82 TDI (0005300800000008000001) TDO (0000000000000000000001) ;
SDR 82 TDI (000540000c800030000001) TDO (0000000000000000000001) ;
SDR 82 TDI (0005440800100088008801) TDO (0000000000000000000001) ;
SDR 82 TDI (0005480840680084000001) TDO (0000000000000000000001) ;
SDR 82 TDI (00054c0800600084000001) TDO (0000000000000000000001) ;
SDR 82 TDI (0005500440000080000003) ;
RUNTEST 20000 TCK;
SDR 82 TDI (00058000001c3008000001) TDO (0000000000000000000001) MASK (0000000000000000000003) ;
SDR 82 TDI (0005840000000004000801) TDO (0000000000000000000001) MASK (0000000000000000000000) ;
SDR 82 TDI (0005880004000004000001) TDO (0000000000000000000001) ;
SDR 82 TDI (00058c0080000000000001) TDO (0000000000000000000001) ;
SDR 82 TDI (0005900000000000080001) TDO (0000000000000000000001) ;
SDR 82 TDI (0005a00000fc1014000001) TDO (0000000000000000000001) ;
SDR 82 TDI (0005a40400c00004000801) TDO (0000000000000000000001) ;
SDR 82 TDI (0005a80000000008008001) TDO (0000000000000000000001) ;
SDR 82 TDI (0005ac0000000008000001) TDO (0000000000000000000001) ;
SDR 82 TDI (0005b00000000004000001) TDO (0000000000000000000001) ;
SDR 82 TDI (0005c0000074188c000801) TDO (0000000000000000000001) ;
SDR 82 TDI (0005c40048680004000001) TDO (0000000000000000000001) ;
SDR 82 TDI (0005c80000000008000001) TDO (0000000000000000000001) ;
SDR 82 TDI (0005cc0080000000000001) TDO (0000000000000000000001) ;
SDR 82 TDI (0005d00000008000008003) ;
RUNTEST 20000 TCK;
SDR 82 TDI (0006030303020303030101) TDO (0000000000000000000001) MASK (0000000000000000000003) ;
SDR 82 TDI (0006070203030203030301) TDO (0000000000000000000001) MASK (0000000000000000000000) ;
SDR 82 TDI (00060b0303030203030301) TDO (0000000000000000000001) ;
SDR 82 TDI (00060f0303030203030001) TDO (0000000000000000000001) ;
SDR 82 TDI (0006130303020303030201) TDO (0000000000000000000001) ;
SDR 82 TDI (0006230303030203030001) TDO (0000000000000000000001) ;
SDR 82 TDI (0006270303030b03030001) TDO (0000000000000000000001) ;
SDR 82 TDI (00062b0103010303030101) TDO (0000000000000000000001) ;
SDR 82 TDI (00062f0303030103030101) TDO (0000000000000000000001) ;
SDR 82 TDI (0006300000000008000001) TDO (0000000000000000000001) ;
SDR 82 TDI (0006400000000000000041) TDO (0000000000000000000001) ;
SDR 82 TDI (0006440000000000000001) TDO (0000000000000000000001) ;
SDR 82 TDI (0006480000000000000001) TDO (0000000000000000000001) ;
SDR 82 TDI (00064c0000000000000001) TDO (0000000000000000000001) ;
SDR 82 TDI (0006500000000000000003) ;
RUNTEST 20000 TCK;
SDR 82 TDI (0006810271030202000101) TDO (0000000000000000000001) MASK (0000000000000000000003) ;
SDR 82 TDI (0006840301000302100001) TDO (0000000000000000000001) MASK (0000000000000000000000) ;
SDR 82 TDI (0006890201000303000001) TDO (0000000000000000000001) ;
SDR 82 TDI (00068d0203000307000201) TDO (0000000000000000000001) ;
SDR 82 TDI (0006900300000202000001) TDO (0000000000000000000001) ;
SDR 82 TDI (0006a08078810303000201) TDO (0000000000000000000001) ;
SDR 82 TDI (0006a40103010203000201) TDO (0000000000000000000001) ;
SDR 82 TDI (0006a80300030103000001) TDO (0000000000000000000001) ;
SDR 82 TDI (0006ac0102010303000001) TDO (0000000000000000000001) ;
SDR 82 TDI (0006b00000000000000001) TDO (0000000000000000000001) ;
SDR 82 TDI (0006c00030000080000001) TDO (0000000000000000000001) ;
SDR 82 TDI (0006c40000000000042001) TDO (0000000000000000000001) ;
SDR 82 TDI (0006c80000000000000001) TDO (0000000000000000000001) ;
SDR 82 TDI (0006cc0000000000000001) TDO (0000000000000000000001) ;
SDR 82 TDI (0006d00000000000000003) ;
RUNTEST 20000 TCK;
SDR 82 TDI (0007010303020302020101) TDO (0000000000000000000001) MASK (0000000000000000000003) ;
SDR 82 TDI (0007050203020a03030301) TDO (0000000000000000000001) MASK (0000000000000000000000) ;
SDR 82 TDI (0007090203020203030301) TDO (0000000000000000000001) ;
SDR 82 TDI (00070d0303030203030001) TDO (0000000000000000000001) ;
SDR 82 TDI (0007110202030303030201) TDO (0000000000000000000001) ;
SDR 82 TDI (0007200303030202030201) TDO (0000000000000000000001) ;
SDR 82 TDI (0007250303030303030001) TDO (0000000000000000000001) ;
SDR 82 TDI (0007280103010303030101) TDO (0000000000000000000001) ;
SDR 82 TDI (00072c0303030103030101) TDO (0000000000000000000001) ;
SDR 82 TDI (0007300000000000000001) TDO (0000000000000000000001) ;
SDR 82 TDI (0007400000000000000001) TDO (0000000000000000000001) ;
SDR 82 TDI (0007440000000000000001) TDO (0000000000000000000001) ;
SDR 82 TDI (0007480000000000000001) TDO (0000000000000000000001) ;
SDR 82 TDI (00074c0000000000000001) TDO (0000000000000000000001) ;
SDR 82 TDI (0007500000000000000003) ;
RUNTEST 20000 TCK;
SDR 82 TDI (0007808000010001000001) TDO (0000000000000000000001) MASK (0000000000000000000003) ;
SDR 82 TDI (0007840100010101001205) TDO (0000000000000000000001) MASK (0000000000000000000000) ;
SDR 82 TDI (0007880000000100000201) TDO (0000000000000000000001) ;
SDR 82 TDI (00078c0000000100000201) TDO (0000000000000000000001) ;
SDR 82 TDI (0007900001010001000201) TDO (0000000000000000000001) ;
SDR 82 TDI (0007a10000000105000201) TDO (0000000000000000000001) ;
SDR 82 TDI (0007a40000000000100001) TDO (0000000000000000000001) ;
SDR 82 TDI (0007a80200020000000101) TDO (0000000000000000000001) ;
SDR 82 TDI (0007ac0000000200000101) TDO (0000000000000000000001) ;
SDR 82 TDI (0007b00000000000000001) TDO (0000000000000000000001) ;
SDR 82 TDI (0007c00000000008000001) TDO (0000000000000000000001) ;
SDR 82 TDI (0007c40000000000000001) TDO (0000000000000000000001) ;
SDR 82 TDI (0007c80000000000000001) TDO (0000000000000000000001) ;
SDR 82 TDI (0007cc0000000000000001) TDO (0000000000000000000001) ;
SDR 82 TDI (0007d00000000000000003) ;
RUNTEST 20000 TCK;
SDR 82 TDI (0008000102000100120005) TDO (0000000000000000000001) MASK (0000000000000000000003) ;
SDR 82 TDI (0008050000020001000201) TDO (0000000000000000000001) MASK (0000000000000000000000) ;
SDR 82 TDI (0008080002020000020301) TDO (0000000000000000000001) ;
SDR 82 TDI (00080c0000032000420001) TDO (0000000000000000000001) ;
SDR 82 TDI (0008110102020101060201) TDO (0000000000000000000001) ;
SDR 82 TDI (0008200303020000120001) TDO (0000000000000000000001) ;
SDR 82 TDI (0008240200020000030001) TDO (0000000000000000000001) ;
SDR 82 TDI (00082900020002000f0171) TDO (0000000000000000000001) ;
SDR 82 TDI (00082c0200021000c30141) TDO (0000000000000000000001) ;
SDR 82 TDI (00083000000000000c0041) TDO (0000000000000000000001) ;
SDR 82 TDI (0008400000000000040001) TDO (0000000000000000000001) ;
SDR 82 TDI (0008440000000000080001) TDO (0000000000000000000001) ;
SDR 82 TDI (00084800000000000c0031) TDO (0000000000000000000001) ;
SDR 82 TDI (00084c00000000008c0021) TDO (0000000000000000000001) ;
SDR 82 TDI (00085000000000000c0023) ;
RUNTEST 20000 TCK;
SDR 82 TDI (00088100001d00010c0041) TDO (0000000000000000000001) MASK (0000000000000000000003) ;
SDR 82 TDI (0008840100000100040041) TDO (0000000000000000000001) MASK (0000000000000000000000) ;
SDR 82 TDI (00088900000001010c0001) TDO (0000000000000000000001) ;
SDR 82 TDI (00088d00000011018c0241) TDO (0000000000000000000001) ;
SDR 82 TDI (0008900100000000080001) TDO (0000000000000000000001) ;
SDR 82 TDI (0008a10000040101000201) TDO (0000000000000000000001) ;
SDR 82 TDI (0008a40001000201001001) TDO (0000000000000000000001) ;
SDR 82 TDI (0008a90000020000000001) TDO (0000000000000000000001) ;
SDR 82 TDI (0008ac00000002002c0001) TDO (0000000000000000000001) ;
SDR 82 TDI (0008b00000000000000031) TDO (0000000000000000000001) ;
SDR 82 TDI (0008c04000040000080041) TDO (0000000000000000000001) ;
SDR 82 TDI (0008c40000000000000001) TDO (0000000000000000000001) ;
SDR 82 TDI (0008c80000000004000045) TDO (0000000000000000000001) ;
SDR 82 TDI (0008cc0000001800600001) TDO (0000000000000000000001) ;
SDR 82 TDI (0008d00000000000000053) ;
RUNTEST 20000 TCK;
SDR 82 TDI (0009030300020702030005) TDO (0000000000000000000001) MASK (0000000000000000000003) ;
SDR 82 TDI (0009070200030003000201) TDO (0000000000000000000001) MASK (0000000000000000000000) ;
SDR 82 TDI (0009090202030082020241) TDO (0000000000000000000001) ;
SDR 82 TDI (00090f0202020202030001) TDO (0000000000000000000001) ;
SDR 82 TDI (0009130202020303030201) TDO (0000000000000000000001) ;
SDR 82 TDI (0009220203030222030001) TDO (0000000000000000000001) ;
SDR 82 TDI (0009270312010203030001) TDO (0000000000000000000001) ;
SDR 82 TDI (00092a0102010203030131) TDO (0000000000000000000001) ;
SDR 82 TDI (00092c0302030103030131) TDO (0000000000000000000001) ;
SDR 82 TDI (0009300000000000000041) TDO (0000000000000000000001) ;
SDR 82 TDI (0009400000000020000001) TDO (0000000000000000000001) ;
SDR 82 TDI (0009440000000080000005) TDO (0000000000000000000001) ;
SDR 82 TDI (0009480000000080000011) TDO (0000000000000000000001) ;
SDR 82 TDI (00094c0000000080000051) TDO (0000000000000000000001) ;
SDR 82 TDI (0009500000000080000023) ;
RUNTEST 20000 TCK;
SDR 82 TDI (0009830e000302c3030041) TDO (0000000000000000000001) MASK (0000000000000000000003) ;
SDR 82 TDI (0009860200050102000041) TDO (0000000000000000000001) MASK (0000000000000000000000) ;
SDR 82 TDI (0009890200010103020001) TDO (0000000000000000000001) ;
SDR 82 TDI (00098f0202000203030241) TDO (0000000000000000000001) ;
SDR 82 TDI (0009920200000202030001) TDO (0000000000000000000001) ;
SDR 82 TDI (0009a300000102530f0201) TDO (0000000000000000000001) ;
SDR 82 TDI (0009a70102030283030005) TDO (0000000000000000000001) ;
SDR 82 TDI (0009aa0100030083030041) TDO (0000000000000000000001) ;
SDR 82 TDI (0009ac0102010383030041) TDO (0000000000000000000001) ;
SDR 82 TDI (0009b00000000084000031) TDO (0000000000000000000001) ;
SDR 82 TDI (0009c004000000c0000041) TDO (0000000000000000000001) ;
SDR 82 TDI (0009c40000000000001001) TDO (0000000000000000000001) ;
SDR 82 TDI (0009c80000000008000065) TDO (0000000000000000000001) ;
SDR 82 TDI (0009cc0000000000000021) TDO (0000000000000000000001) ;
SDR 82 TDI (0009d00000000000000053) ;
RUNTEST 20000 TCK;
SDR 82 TDI (000a0001000001c0000041) TDO (0000000000000000000001) MASK (0000000000000000000003) ;
SDR 82 TDI (000a050000000001040241) TDO (0000000000000000000001) MASK (0000000000000000000000) ;
SDR 82 TDI (000a080000000800000201) TDO (0000000000000000000001) ;
SDR 82 TDI (000a0c000000c000000001) TDO (0000000000000000000001) ;
SDR 82 TDI (000a110000020501000201) TDO (0000000000000000000001) ;
SDR 82 TDI (000a200001020040002001) TDO (0000000000000000000001) ;
SDR 82 TDI (000a240200000080000005) TDO (0000000000000000000001) ;
SDR 82 TDI (000a280000002280000141) TDO (0000000000000000000001) ;
SDR 82 TDI (000a2c0200002080020141) TDO (0000000000000000000001) ;
SDR 82 TDI (000a30040000c080000001) TDO (0000000000000000000001) ;
SDR 82 TDI (000a400000000040000041) TDO (0000000000000000000001) ;
SDR 82 TDI (000a440000000000000001) TDO (0000000000000000000001) ;
SDR 82 TDI (000a480000000000000061) TDO (0000000000000000000001) ;
SDR 82 TDI (000a4c0000002000000021) TDO (0000000000000000000001) ;
SDR 82 TDI (000a500000000000000003) ;
RUNTEST 20000 TCK;
SDR 82 TDI (000a810000010001000001) TDO (0000000000000000000001) MASK (0000000000000000000003) ;
SDR 82 TDI (000a840000024100000001) TDO (0000000000000000000001) MASK (0000000000000000000000) ;
SDR 82 TDI (000a890000020001000001) TDO (0000000000000000000001) ;
SDR 82 TDI (000a8d0000020401000001) TDO (0000000000000000000001) ;
SDR 82 TDI (000a900000000000000001) TDO (0000000000000000000001) ;
SDR 82 TDI (000aa00200400001000201) TDO (0000000000000000000001) ;
SDR 82 TDI (000aa40000022000002001) TDO (0000000000000000000001) ;
SDR 82 TDI (000aa80000024000000001) TDO (0000000000000000000001) ;
SDR 82 TDI (000aac0000028200000001) TDO (0000000000000000000001) ;
SDR 82 TDI (000ab00800000000000001) TDO (0000000000000000000001) ;
SDR 82 TDI (000ac00000000000000001) TDO (0000000000000000000001) ;
SDR 82 TDI (000ac40000000000000001) TDO (0000000000000000000001) ;
SDR 82 TDI (000ac80000000000000001) TDO (0000000000000000000001) ;
SDR 82 TDI (000acc0000004000000001) TDO (0000000000000000000001) ;
SDR 82 TDI (000ad00000000000000003) ;
RUNTEST 20000 TCK;
SDR 82 TDI (000b000300000000000001) TDO (0000000000000000000001) MASK (0000000000000000000003) ;
SDR 82 TDI (000b050208020001000201) TDO (0000000000000000000001) MASK (0000000000000000000000) ;
SDR 82 TDI (000b080a00020000080201) TDO (0000000000000000000001) ;
SDR 82 TDI (000b0c0300030000000001) TDO (0000000000000000000001) ;
SDR 82 TDI (000b100b01020001000201) TDO (0000000000000000000001) ;
SDR 82 TDI (000b200300020000000001) TDO (0000000000000000000001) ;
SDR 82 TDI (000b240380020000000001) TDO (0000000000000000000001) ;
SDR 82 TDI (000b280904020200000101) TDO (0000000000000000000001) ;
SDR 82 TDI (000b2c0b00020000000101) TDO (0000000000000000000001) ;
SDR 82 TDI (000b300800000000000001) TDO (0000000000000000000001) ;
SDR 82 TDI (000b400004000000000001) TDO (0000000000000000000001) ;
SDR 82 TDI (000b440800000000000001) TDO (0000000000000000000001) ;
SDR 82 TDI (000b480808000080000001) TDO (0000000000000000000001) ;
SDR 82 TDI (000b4c0840000000000001) TDO (0000000000000000000001) ;
SDR 82 TDI (000b500440000080000003) ;
RUNTEST 20000 TCK;
SDR 82 TDI (000b800000000000000001) TDO (0000000000000000000001) MASK (0000000000000000000003) ;
SDR 82 TDI (000b850080000001000001) TDO (0000000000000000000001) MASK (0000000000000000000000) ;
SDR 82 TDI (000b880000020000000001) TDO (0000000000000000000001) ;
SDR 82 TDI (000b8c0000020000000001) TDO (0000000000000000000001) ;
SDR 82 TDI (000b910000020101000001) TDO (0000000000000000000001) ;
SDR 82 TDI (000ba00081000000000001) TDO (0000000000000000000001) ;
SDR 82 TDI (000ba40204000000000001) TDO (0000000000000000000001) ;
SDR 82 TDI (000ba80000000200000001) TDO (0000000000000000000001) ;
SDR 82 TDI (000bac0200000000000001) TDO (0000000000000000000001) ;
SDR 82 TDI (000bb00000000000000001) TDO (0000000000000000000001) ;
SDR 82 TDI (000bc00000000000002001) TDO (0000000000000000000001) ;
SDR 82 TDI (000bc40000000080000001) TDO (0000000000000000000001) ;
SDR 82 TDI (000bc80400000000000001) TDO (0000000000000000000001) ;
SDR 82 TDI (000bcc0000000080000001) TDO (0000000000000000000001) ;
SDR 82 TDI (000bd00000000000000003) ;
RUNTEST 20000 TCK;
SDR 82 TDI (000c000100010100000001) TDO (0000000000000000000001) MASK (0000000000000000000003) ;
SDR 82 TDI (000c050008000101000001) TDO (0000000000000000000001) MASK (0000000000000000000000) ;
SDR 82 TDI (000c080000000000000201) TDO (0000000000000000000001) ;
SDR 82 TDI (000c0c0000000000000001) TDO (0000000000000000000001) ;
SDR 82 TDI (000c110084000101000201) TDO (0000000000000000000001) ;
SDR 82 TDI (000c200001022001000241) TDO (0000000000000000000001) ;
SDR 82 TDI (000c2400000a0080000001) TDO (0000000000000000000001) ;
SDR 82 TDI (000c280000020200040001) TDO (0000000000000000000001) ;
SDR 82 TDI (000c2c0000020000000001) TDO (0000000000000000000001) ;
SDR 82 TDI (000c300000000000000001) TDO (0000000000000000000001) ;
SDR 82 TDI (000c400000000000000001) TDO (0000000000000000000001) ;
SDR 82 TDI (000c440000000000000001) TDO (0000000000000000000001) ;
SDR 82 TDI (000c480008000000000001) TDO (0000000000000000000001) ;
SDR 82 TDI (000c4c0040000000000001) TDO (0000000000000000000001) ;
SDR 82 TDI (000c500080000000000003) ;
RUNTEST 20000 TCK;
SDR 82 TDI (000c804000010000000001) TDO (0000000000000000000001) MASK (0000000000000000000003) ;
SDR 82 TDI (000c840100010100000001) TDO (0000000000000000000001) MASK (0000000000000000000000) ;
SDR 82 TDI (000c890000000101000001) TDO (0000000000000000000001) ;
SDR 82 TDI (000c8c0000000000000201) TDO (0000000000000000000001) ;
SDR 82 TDI (000c900000000000000001) TDO (0000000000000000000001) ;
SDR 82 TDI (000ca10000000101000201) TDO (0000000000000000000001) ;
SDR 82 TDI (000ca40001020001004201) TDO (0000000000000000000001) ;
SDR 82 TDI (000ca80000020000000001) TDO (0000000000000000000001) ;
SDR 82 TDI (000cac0000020200000001) TDO (0000000000000000000001) ;
SDR 82 TDI (000cb00000000000000001) TDO (0000000000000000000001) ;
SDR 82 TDI (000cc00000000000000001) TDO (0000000000000000000001) ;
SDR 82 TDI (000cc40000000000000001) TDO (0000000000000000000001) ;
SDR 82 TDI (000cc80000000000000001) TDO (0000000000000000000001) ;
SDR 82 TDI (000ccc0000000000000001) TDO (0000000000000000000001) ;
SDR 82 TDI (000cd00000000000000003) ;
RUNTEST 20000 TCK;
SDR 82 TDI (000d030303030303030101) TDO (0000000000000000000001) MASK (0000000000000000000003) ;
SDR 82 TDI (000d070203230303030301) TDO (0000000000000000000001) MASK (0000000000000000000000) ;
SDR 82 TDI (000d0b0303030203030301) TDO (0000000000000000000001) ;
SDR 82 TDI (000d0f0303030203030001) TDO (0000000000000000000001) ;
SDR 82 TDI (000d130303030303030201) TDO (0000000000000000000001) ;
SDR 82 TDI (000d230303038203030201) TDO (0000000000000000000001) ;
SDR 82 TDI (000d270303030303030001) TDO (0000000000000000000001) ;
SDR 82 TDI (000d2b0103030303030101) TDO (0000000000000000000001) ;
SDR 82 TDI (000d2f0303030103030101) TDO (0000000000000000000001) ;
SDR 82 TDI (000d300000000000000001) TDO (0000000000000000000001) ;
SDR 82 TDI (000d400000000000000001) TDO (0000000000000000000001) ;
SDR 82 TDI (000d440000000000000001) TDO (0000000000000000000001) ;
SDR 82 TDI (000d480000000000000001) TDO (0000000000000000000001) ;
SDR 82 TDI (000d4c0000000000000001) TDO (0000000000000000000001) ;
SDR 82 TDI (000d500000000000000003) ;
RUNTEST 20000 TCK;
SDR 82 TDI (000d8000001c00001c0005) TDO (0000000000000000000001) MASK (0000000000000000000003) ;
SDR 82 TDI (000d840000000000000001) TDO (0000000000000000000001) MASK (0000000000000000000000) ;
SDR 82 TDI (000d880000300080040041) TDO (0000000000000000000001) ;
SDR 82 TDI (000d8c00000000000c0041) TDO (0000000000000000000001) ;
SDR 82 TDI (000d9000000000000c0001) TDO (0000000000000000000001) ;
SDR 82 TDI (000da02000040030100001) TDO (0000000000000000000001) ;
SDR 82 TDI (000da40000000000000001) TDO (0000000000000000000001) ;
SDR 82 TDI (000da80000000000000031) TDO (0000000000000000000001) ;
SDR 82 TDI (000dac0000000000000031) TDO (0000000000000000000001) ;
SDR 82 TDI (000db00000000004000071) TDO (0000000000000000000001) ;
SDR 82 TDI (000dc000000400a00c0001) TDO (0000000000000000000001) ;
SDR 82 TDI (000dc40000000080084005) TDO (0000000000000000000001) ;
SDR 82 TDI (000dc800000000880c0015) TDO (0000000000000000000001) ;
SDR 82 TDI (000dcc00000000800c0051) TDO (0000000000000000000001) ;
SDR 82 TDI (000dd000000000800c0073) ;
RUNTEST 20000 TCK;
SDR 82 TDI (000e000000000000000001) TDO (0000000000000000000001) MASK (0000000000000000000003) ;
SDR 82 TDI (000e040008000000000001) TDO (0000000000000000000001) MASK (0000000000000000000000) ;
SDR 82 TDI (000e080000000800008041) TDO (0000000000000000000001) ;
SDR 82 TDI (000e0c0000000000000001) TDO (0000000000000000000001) ;
SDR 82 TDI (000e10000000c400000001) TDO (0000000000000000000001) ;
SDR 82 TDI (000e200000000000000001) TDO (0000000000000000000001) ;
SDR 82 TDI (000e240080000000000001) TDO (0000000000000000000001) ;
SDR 82 TDI (000e280004000000000001) TDO (0000000000000000000001) ;
SDR 82 TDI (000e2c0000002080040001) TDO (0000000000000000000001) ;
SDR 82 TDI (000e300000008000000001) TDO (0000000000000000000001) ;
SDR 82 TDI (000e400044000000000001) TDO (0000000000000000000001) ;
SDR 82 TDI (000e440040004000000001) TDO (0000000000000000000001) ;
SDR 82 TDI (000e480008004000000001) TDO (0000000000000000000001) ;
SDR 82 TDI (000e4c0040006000000001) TDO (0000000000000000000001) ;
SDR 82 TDI (000e500040006000000003) ;
RUNTEST 20000 TCK;
SDR 82 TDI (000e802080008000000001) TDO (0000000000000000000001) MASK (0000000000000000000003) ;
SDR 82 TDI (000e840000000000008001) TDO (0000000000000000000001) MASK (0000000000000000000000) ;
SDR 82 TDI (000e880000000000000001) TDO (0000000000000000000001) ;
SDR 82 TDI (000e8c0000008000000001) TDO (0000000000000000000001) ;
SDR 82 TDI (000e900000000000000001) TDO (0000000000000000000001) ;
SDR 82 TDI (000ea00004000000000001) TDO (0000000000000000000001) ;
SDR 82 TDI (000ea40000000000000001) TDO (0000000000000000000001) ;
SDR 82 TDI (000ea80000000000000001) TDO (0000000000000000000001) ;
SDR 82 TDI (000eac0000000000000001) TDO (0000000000000000000001) ;
SDR 82 TDI (000eb00000000000000001) TDO (0000000000000000000001) ;
SDR 82 TDI (000ec00080000000000001) TDO (0000000000000000000001) ;
SDR 82 TDI (000ec40000008000000001) TDO (0000000000000000000001) ;
SDR 82 TDI (000ec80040000000000001) TDO (0000000000000000000001) ;
SDR 82 TDI (000ecc0000080000000001) TDO (0000000000000000000001) ;
SDR 82 TDI (000ed00000000000000003) ;
RUNTEST 20000 TCK;
SDR 82 TDI (000f000080008000008001) TDO (0000000000000000000001) MASK (0000000000000000000003) ;
SDR 82 TDI (000f04008a008300028001) TDO (0000000000000000000001) MASK (0000000000000000000000) ;
SDR 82 TDI (000f0a0882008a00020001) TDO (0000000000000000000001) ;
SDR 82 TDI (000f0c0080000000000001) TDO (0000000000000000000001) ;
SDR 82 TDI (000f10088300c500000001) TDO (0000000000000000000001) ;
SDR 82 TDI (000f210003000000000001) TDO (0000000000000000000001) ;
SDR 82 TDI (000f240080008000000001) TDO (0000000000000000000001) ;
SDR 82 TDI (000f280807028000000001) TDO (0000000000000000000001) ;
SDR 82 TDI (000f2d080100a000080021) TDO (0000000000000000000001) ;
SDR 82 TDI (000f300800000080000001) TDO (0000000000000000000001) ;
SDR 82 TDI (000f400004000000000001) TDO (0000000000000000000001) ;
SDR 82 TDI (000f440800000000000001) TDO (0000000000000000000001) ;
SDR 82 TDI (000f480808000000000001) TDO (0000000000000000000001) ;
SDR 82 TDI (000f4c0840002000000001) TDO (0000000000000000000001) ;
SDR 82 TDI (000f500400002000000003) ;
RUNTEST 20000 TCK;
SDR 82 TDI (000f800004000000000401) TDO (0000000000000000000001) MASK (0000000000000000000003) ;
SDR 82 TDI (000f840000000000000001) TDO (0000000000000000000001) MASK (0000000000000000000000) ;
SDR 82 TDI (000f880000000000008001) TDO (0000000000000000000001) ;
SDR 82 TDI (000f8c0000000000000001) TDO (0000000000000000000001) ;
SDR 82 TDI (000f900400000000000001) TDO (0000000000000000000001) ;
SDR 82 TDI (000fa00000200000000001) TDO (0000000000000000000001) ;
SDR 82 TDI (000fa40000000000000001) TDO (0000000000000000000001) ;
SDR 82 TDI (000fa80000000000000001) TDO (0000000000000000000001) ;
SDR 82 TDI (000fac0000000000000001) TDO (0000000000000000000001) ;
SDR 82 TDI (000fb00000008000000001) TDO (0000000000000000000001) ;
SDR 82 TDI (000fc00000008000000001) TDO (0000000000000000000001) ;
SDR 82 TDI (000fc40080000000000001) TDO (0000000000000000000001) ;
SDR 82 TDI (000fc80000000000004001) TDO (0000000000000000000001) ;
SDR 82 TDI (000fcc0000000000000001) TDO (0000000000000000000001) ;
SDR 82 TDI (000fd00040000000000003) ;
RUNTEST 20000 TCK;
SDR 82 TDI (0010000002000101000001) TDO (0000000000000000000001) MASK (0000000000000000000003) ;
SDR 82 TDI (0010040002000101000301) TDO (0000000000000000000001) MASK (0000000000000000000000) ;
SDR 82 TDI (00100a0102000000010301) TDO (0000000000000000000001) ;
SDR 82 TDI (00100c0000000000000001) TDO (0000000000000000000001) ;
SDR 82 TDI (0010100003010101000201) TDO (0000000000000000000001) ;
SDR 82 TDI (0010210003000000000201) TDO (0000000000000000000001) ;
SDR 82 TDI (0010240000000100000001) TDO (0000000000000000000001) ;
SDR 82 TDI (0010280003020200008101) TDO (0000000000000000000001) ;
SDR 82 TDI (00102f0001000000000101) TDO (0000000000000000000001) ;
SDR 82 TDI (0010300000000000080001) TDO (0000000000000000000001) ;
SDR 82 TDI (0010400000000000000001) TDO (0000000000000000000001) ;
SDR 82 TDI (0010440000000000000001) TDO (0000000000000000000001) ;
SDR 82 TDI (0010480000000000008001) TDO (0000000000000000000001) ;
SDR 82 TDI (00104c0000000000000001) TDO (0000000000000000000001) ;
SDR 82 TDI (0010500000000000000003) ;
RUNTEST 20000 TCK;
SDR 82 TDI (0010810e011e32c2000181) TDO (0000000000000000000001) MASK (0000000000000000000003) ;
SDR 82 TDI (0010840201000202000801) TDO (0000000000000000000001) MASK (0000000000000000000000) ;
SDR 82 TDI (0010890201100283000001) TDO (0000000000000000000001) ;
SDR 82 TDI (00108d0203000203000001) TDO (0000000000000000000001) ;
SDR 82 TDI (0010900300000202000001) TDO (0000000000000000000001) ;
SDR 82 TDI (0010a00000051273008001) TDO (0000000000000000000001) ;
SDR 82 TDI (0010a40103010283008801) TDO (0000000000000000000001) ;
SDR 82 TDI (0010a80100010183000001) TDO (0000000000000000000001) ;
SDR 82 TDI (0010ac0102010183000001) TDO (0000000000000000000001) ;
SDR 82 TDI (0010b00000000084000001) TDO (0000000000000000000001) ;
SDR 82 TDI (0010c004000418e0000001) TDO (0000000000000000000001) ;
SDR 82 TDI (0010c40000000080000001) TDO (0000000000000000000001) ;
SDR 82 TDI (0010c80000000088000001) TDO (0000000000000000000001) ;
SDR 82 TDI (0010cc0000000080000001) TDO (0000000000000000000001) ;
SDR 82 TDI (0010d00000008080008003) ;
RUNTEST 20000 TCK;
SDR 82 TDI (0011030301030202030101) TDO (0000000000000000000001) MASK (0000000000000000000003) ;
SDR 82 TDI (0011070201030602030001) TDO (0000000000000000000001) MASK (0000000000000000000000) ;
SDR 82 TDI (0011090a01038e03020001) TDO (0000000000000000000001) ;
SDR 82 TDI (00110f0373030603030001) TDO (0000000000000000000001) ;
SDR 82 TDI (0011130b0002c202030001) TDO (0000000000000000000001) ;
SDR 82 TDI (001122030003020b030001) TDO (0000000000000000000001) ;
SDR 82 TDI (0011270303030203030001) TDO (0000000000000000000001) ;
SDR 82 TDI (00112b0908010103030001) TDO (0000000000000000000001) ;
SDR 82 TDI (00112c0b72032103030001) TDO (0000000000000000000001) ;
SDR 82 TDI (0011300800000000000001) TDO (0000000000000000000001) ;
SDR 82 TDI (0011400000008000000001) TDO (0000000000000000000001) ;
SDR 82 TDI (0011440800008000000001) TDO (0000000000000000000001) ;
SDR 82 TDI (0011480800008000000001) TDO (0000000000000000000001) ;
SDR 82 TDI (00114c083000a000000011) TDO (0000000000000000000001) ;
SDR 82 TDI (0011500400002000088003) ;
RUNTEST 20000 TCK;
SDR 82 TDI (00118100010202c2c80001) TDO (0000000000000000000001) MASK (0000000000000000000003) ;
SDR 82 TDI (0011840001000206040801) TDO (0000000000000000000001) MASK (0000000000000000000000) ;
SDR 82 TDI (0011890001000206080001) TDO (0000000000000000000001) ;
SDR 82 TDI (00118d0003000207040001) TDO (0000000000000000000001) ;
SDR 82 TDI (0011900000000606080001) TDO (0000000000000000000001) ;
SDR 82 TDI (0011a00000010257e00001) TDO (0000000000000000000001) ;
SDR 82 TDI (0011a40003010287000801) TDO (0000000000000000000001) ;
SDR 82 TDI (0011a804000101870c0001) TDO (0000000000000000000001) ;
SDR 82 TDI (0011ac00024101870c0001) TDO (0000000000000000000001) ;
SDR 82 TDI (0011b000000000840c0001) TDO (0000000000000000000001) ;
SDR 82 TDI (0011c000000000c0e88001) TDO (0000000000000000000001) ;
SDR 82 TDI (0011c40000000000008001) TDO (0000000000000000000001) ;
SDR 82 TDI (0011c80000000000008001) TDO (0000000000000000000001) ;
SDR 82 TDI (0011cc0000000000000001) TDO (0000000000000000000001) ;
SDR 82 TDI (0011d00000000000000003) ;
RUNTEST 20000 TCK;
SDR 82 TDI (0012001000000000000001) TDO (0000000000000000000001) MASK (0000000000000000000003) ;
SDR 82 TDI (0012040008000000000001) TDO (0000000000000000000001) MASK (0000000000000000000000) ;
SDR 82 TDI (0012080000000000040001) TDO (0000000000000000000001) ;
SDR 82 TDI (00120c0000000000000001) TDO (0000000000000000000001) ;
SDR 82 TDI (0012100084000000000001) TDO (0000000000000000000001) ;
SDR 82 TDI (0012200000000000000001) TDO (0000000000000000000001) ;
SDR 82 TDI (0012240000000000000001) TDO (0000000000000000000001) ;
SDR 82 TDI (0012280000000008000001) TDO (0000000000000000000001) ;
SDR 82 TDI (00122c0000000000000001) TDO (0000000000000000000001) ;
SDR 82 TDI (0012300000000000000001) TDO (0000000000000000000001) ;
SDR 82 TDI (0012400000000000000001) TDO (0000000000000000000001) ;
SDR 82 TDI (0012440000000000000001) TDO (0000000000000000000001) ;
SDR 82 TDI (0012480008000000000001) TDO (0000000000000000000001) ;
SDR 82 TDI (00124c0040000000000001) TDO (0000000000000000000001) ;
SDR 82 TDI (0012500080000000000003) ;
RUNTEST 20000 TCK;
SDR 82 TDI (0012830000223202030001) TDO (0000000000000000000001) MASK (0000000000000000000003) ;
SDR 82 TDI (0012861000210006000001) TDO (0000000000000000000001) MASK (0000000000000000000000) ;
SDR 82 TDI (0012890000210002020001) TDO (0000000000000000000001) ;
SDR 82 TDI (00128f0002000202030001) TDO (0000000000000000000001) ;
SDR 82 TDI (0012920000000202030001) TDO (0000000000000000000001) ;
SDR 82 TDI (0012a20000011202030001) TDO (0000000000000000000001) ;
SDR 82 TDI (0012a70002110202030001) TDO (0000000000000000000001) ;
SDR 82 TDI (0012aa0000010002030001) TDO (0000000000000000000001) ;
SDR 82 TDI (0012ac0002010103030001) TDO (0000000000000000000001) ;
SDR 82 TDI (0012b00000000000000001) TDO (0000000000000000000001) ;
SDR 82 TDI (0012c00000001800000001) TDO (0000000000000000000001) ;
SDR 82 TDI (0012c40000000000000001) TDO (0000000000000000000001) ;
SDR 82 TDI (0012c80000000000000001) TDO (0000000000000000000001) ;
SDR 82 TDI (0012cc0000000000000001) TDO (0000000000000000000001) ;
SDR 82 TDI (0012d00000008000000013) ;
RUNTEST 20000 TCK;
SDR 82 TDI (0013000c00003000000001) TDO (0000000000000000000001) MASK (0000000000000000000003) ;
SDR 82 TDI (0013040000000000000001) TDO (0000000000000000000001) MASK (0000000000000000000000) ;
SDR 82 TDI (0013080000000080000001) TDO (0000000000000000000001) ;
SDR 82 TDI (00130c0000000000000001) TDO (0000000000000000000001) ;
SDR 82 TDI (0013100000000000000001) TDO (0000000000000000000001) ;
SDR 82 TDI (0013200000001000000001) TDO (0000000000000000000001) ;
SDR 82 TDI (0013240000000000000001) TDO (0000000000000000000001) ;
SDR 82 TDI (0013280000000000080001) TDO (0000000000000000000001) ;
SDR 82 TDI (00132c0000000000000001) TDO (0000000000000000000001) ;
SDR 82 TDI (0013300000000000000001) TDO (0000000000000000000001) ;
SDR 82 TDI (0013400400001800000011) TDO (0000000000000000000001) ;
SDR 82 TDI (0013440000000000000001) TDO (0000000000000000000001) ;
SDR 82 TDI (0013480000000000000001) TDO (0000000000000000000001) ;
SDR 82 TDI (00134c0000000000000001) TDO (0000000000000000000001) ;
SDR 82 TDI (0013500000008000000003) ;
RUNTEST 20000 TCK;
SDR 82 TDI (0013800000000000000001) TDO (0000000000000000000001) MASK (0000000000000000000003) ;
SDR 82 TDI (0013840000000000030001) TDO (0000000000000000000001) MASK (0000000000000000000000) ;
SDR 82 TDI (0013880000000000000001) TDO (0000000000000000000001) ;
SDR 82 TDI (00138c0000000000010001) TDO (0000000000000000000001) ;
SDR 82 TDI (0013910000000000010001) TDO (0000000000000000000001) ;
SDR 82 TDI (0013a00000000000000001) TDO (0000000000000000000001) ;
SDR 82 TDI (0013a50000000001020001) TDO (0000000000000000000001) ;
SDR 82 TDI (0013a80000000001000001) TDO (0000000000000000000001) ;
SDR 82 TDI (0013ac0000000000000001) TDO (0000000000000000000001) ;
SDR 82 TDI (0013b00000000000000001) TDO (0000000000000000000001) ;
SDR 82 TDI (0013c00000000000000001) TDO (0000000000000000000001) ;
SDR 82 TDI (0013c40000040000000001) TDO (0000000000000000000001) ;
SDR 82 TDI (0013c80000000000000001) TDO (0000000000000000000001) ;
SDR 82 TDI (0013cc0000000000000001) TDO (0000000000000000000001) ;
SDR 82 TDI (0013d00000000000000003) ;
RUNTEST 20000 TCK;
SDR 82 TDI (0014010001e30202340101) TDO (0000000000000000000001) MASK (0000000000000000000003) ;
SDR 82 TDI (0014040001200002010001) TDO (0000000000000000000001) MASK (0000000000000000000000) ;
SDR 82 TDI (0014090001200003040001) TDO (0000000000000000000001) ;
SDR 82 TDI (00140d0003000203080001) TDO (0000000000000000000001) ;
SDR 82 TDI (0014100000000200040001) TDO (0000000000000000000001) ;
SDR 82 TDI (0014200000390201100001) TDO (0000000000000000000001) ;
SDR 82 TDI (0014240003310203000001) TDO (0000000000000000000001) ;
SDR 82 TDI (0014280000010101000001) TDO (0000000000000000000001) ;
SDR 82 TDI (00142c0002010101000001) TDO (0000000000000000000001) ;
SDR 82 TDI (0014300000000000000001) TDO (0000000000000000000001) ;
SDR 82 TDI (0014400000900000140001) TDO (0000000000000000000001) ;
SDR 82 TDI (0014440000100000080001) TDO (0000000000000000000001) ;
SDR 82 TDI (00144800000000000c0001) TDO (0000000000000000000001) ;
SDR 82 TDI (00144c00000000000c0001) TDO (0000000000000000000001) ;
SDR 82 TDI (00145000000000000c0003) ;
RUNTEST 20000 TCK;
SDR 82 TDI (0014800000000000000001) TDO (0000000000000000000001) MASK (0000000000000000000003) ;
SDR 82 TDI (0014840000000200000001) TDO (0000000000000000000001) MASK (0000000000000000000000) ;
SDR 82 TDI (0014880000000200000001) TDO (0000000000000000000001) ;
SDR 82 TDI (00148c0000000000000001) TDO (0000000000000000000001) ;
SDR 82 TDI (0014900000000002000001) TDO (0000000000000000000001) ;
SDR 82 TDI (0014a00000000002000001) TDO (0000000000000000000001) ;
SDR 82 TDI (0014a40000000000000001) TDO (0000000000000000000001) ;
SDR 82 TDI (0014a80000000002000001) TDO (0000000000000000000001) ;
SDR 82 TDI (0014ac0000000002000001) TDO (0000000000000000000001) ;
SDR 82 TDI (0014b00000000000000001) TDO (0000000000000000000001) ;
SDR 82 TDI (0014c00000080000000001) TDO (0000000000000000000001) ;
SDR 82 TDI (0014c40000000000000001) TDO (0000000000000000000001) ;
SDR 82 TDI (0014c80000000000000001) TDO (0000000000000000000001) ;
SDR 82 TDI (0014cc0000000000000001) TDO (0000000000000000000001) ;
SDR 82 TDI (0014d00000000000000043) ;
RUNTEST 20000 TCK;
SDR 82 TDI (0015000000000000000001) TDO (0000000000000000000001) MASK (0000000000000000000003) ;
SDR 82 TDI (0015040000000200000001) TDO (0000000000000000000001) MASK (0000000000000000000000) ;
SDR 82 TDI (0015080000000200000001) TDO (0000000000000000000001) ;
SDR 82 TDI (00150c0000000000000001) TDO (0000000000000000000001) ;
SDR 82 TDI (0015100000000000000001) TDO (0000000000000000000001) ;
SDR 82 TDI (0015200000000000000001) TDO (0000000000000000000001) ;
SDR 82 TDI (0015240000000000000001) TDO (0000000000000000000001) ;
SDR 82 TDI (0015280000000000000001) TDO (0000000000000000000001) ;
SDR 82 TDI (00152c0000000000000001) TDO (0000000000000000000001) ;
SDR 82 TDI (0015300000000000000001) TDO (0000000000000000000001) ;
SDR 82 TDI (0015400000000000000001) TDO (0000000000000000000001) ;
SDR 82 TDI (0015440010000000000001) TDO (0000000000000000000001) ;
SDR 82 TDI (0015480000000000040001) TDO (0000000000000000000001) ;
SDR 82 TDI (00154c0000000000000021) TDO (0000000000000000000001) ;
SDR 82 TDI (0015500000000000000003) ;
RUNTEST 20000 TCK;
SDR 82 TDI (0015800000000000000001) TDO (0000000000000000000001) MASK (0000000000000000000003) ;
SDR 82 TDI (0015840000000000000001) TDO (0000000000000000000001) MASK (0000000000000000000000) ;
SDR 82 TDI (0015880000000000000001) TDO (0000000000000000000001) ;
SDR 82 TDI (00158cf00000000010fc01) TDO (0000000000000000000001) ;
SDR 82 TDI (0015900000000000000001) TDO (0000000000000000000001) ;
SDR 82 TDI (0015a00000000000002001) TDO (0000000000000000000001) ;
SDR 82 TDI (0015a40000040000002001) TDO (0000000000000000000001) ;
SDR 82 TDI (0015a80000000000000001) TDO (0000000000000000000001) ;
SDR 82 TDI (0015ace00000040000d801) TDO (0000000000000000000001) ;
SDR 82 TDI (0015b00000000000000001) TDO (0000000000000000000001) ;
SDR 82 TDI (0015c08000000000000001) TDO (0000000000000000000001) ;
SDR 82 TDI (0015c40000000000000001) TDO (0000000000000000000001) ;
SDR 82 TDI (0015c80000000000000001) TDO (0000000000000000000001) ;
SDR 82 TDI (0015cc400000040000f801) TDO (0000000000000000000001) ;
SDR 82 TDI (0015d00000000000000003) ;
RUNTEST 20000 TCK;
SDR 82 TDI (0016000000000020000001) TDO (0000000000000000000001) MASK (0000000000000000000003) ;
SDR 82 TDI (0016040002000301020201) TDO (0000000000000000000001) MASK (0000000000000000000000) ;
SDR 82 TDI (00160a0002000200020201) TDO (0000000000000000000001) ;
SDR 82 TDI (00160c0000000000000001) TDO (0000000000000000000001) ;
SDR 82 TDI (0016100003010101000201) TDO (0000000000000000000001) ;
SDR 82 TDI (0016210003000000000201) TDO (0000000000000000000001) ;
SDR 82 TDI (0016240000000000000001) TDO (0000000000000000000001) ;
SDR 82 TDI (0016280003020000000101) TDO (0000000000000000000001) ;
SDR 82 TDI (00162d0001000000000101) TDO (0000000000000000000001) ;
SDR 82 TDI (0016300000000000000001) TDO (0000000000000000000001) ;
SDR 82 TDI (0016400000000010000001) TDO (0000000000000000000001) ;
SDR 82 TDI (0016440000000000000001) TDO (0000000000000000000001) ;
SDR 82 TDI (0016480000000000000001) TDO (0000000000000000000001) ;
SDR 82 TDI (00164c0000000000000001) TDO (0000000000000000000001) ;
SDR 82 TDI (0016500000000000000003) ;
RUNTEST 20000 TCK;
SDR 82 TDI (0016830303ff0303030105) TDO (0000000000000000000001) MASK (0000000000000000000003) ;
SDR 82 TDI (0016870303230303030301) TDO (0000000000000000000001) MASK (0000000000000000000000) ;
SDR 82 TDI (00168b0303330383030341) TDO (0000000000000000000001) ;
SDR 82 TDI (00168f0303030303030241) TDO (0000000000000000000001) ;
SDR 82 TDI (0016930303020303030201) TDO (0000000000000000000001) ;
SDR 82 TDI (0016a30303070333030201) TDO (0000000000000000000001) ;
SDR 82 TDI (0016a703030303030f0201) TDO (0000000000000000000001) ;
SDR 82 TDI (0016ab0303030303030131) TDO (0000000000000000000001) ;
SDR 82 TDI (0016af0303030303030131) TDO (0000000000000000000001) ;
SDR 82 TDI (0016b00000000004000071) TDO (0000000000000000000001) ;
SDR 82 TDI (0016c020008400a0000001) TDO (0000000000000000000001) ;
SDR 82 TDI (0016c40000000080000005) TDO (0000000000000000000001) ;
SDR 82 TDI (0016c80000000088000015) TDO (0000000000000000000001) ;
SDR 82 TDI (0016cc0000000080000051) TDO (0000000000000000000001) ;
SDR 82 TDI (0016d00000000080000073) ;
RUNTEST 20000 TCK;
SDR 82 TDI (0017010303030303020101) TDO (0000000000000000000001) MASK (0000000000000000000003) ;
SDR 82 TDI (0017050303030303030301) TDO (0000000000000000000001) MASK (0000000000000000000000) ;
SDR 82 TDI (0017090203020303030301) TDO (0000000000000000000001) ;
SDR 82 TDI (00170d0303030303030201) TDO (0000000000000000000001) ;
SDR 82 TDI (0017110203030303030201) TDO (0000000000000000000001) ;
SDR 82 TDI (0017210303030303030201) TDO (0000000000000000000001) ;
SDR 82 TDI (0017250b43030323030001) TDO (0000000000000000000001) ;
SDR 82 TDI (0017280303030303030101) TDO (0000000000000000000001) ;
SDR 82 TDI (00172c0303030303030101) TDO (0000000000000000000001) ;
SDR 82 TDI (0017300000000000000001) TDO (0000000000000000000001) ;
SDR 82 TDI (0017400000000000000001) TDO (0000000000000000000001) ;
SDR 82 TDI (0017440000000000000001) TDO (0000000000000000000001) ;
SDR 82 TDI (0017480000000000000001) TDO (0000000000000000000001) ;
SDR 82 TDI (00174c0000000000000001) TDO (0000000000000000000001) ;
SDR 82 TDI (0017500000000000000003) ;
RUNTEST 20000 TCK;
SDR 82 TDI (00178101021d0101020045) TDO (0000000000000000000001) MASK (0000000000000000000003) ;
SDR 82 TDI (0017850100020121a00241) TDO (0000000000000000000001) MASK (0000000000000000000000) ;
SDR 82 TDI (0017890002120101120341) TDO (0000000000000000000001) ;
SDR 82 TDI (00178d0000030101020241) TDO (0000000000000000000001) ;
SDR 82 TDI (0017910102020101020201) TDO (0000000000000000000001) ;
SDR 82 TDI (0017a10b03060101020201) TDO (0000000000000000000001) ;
SDR 82 TDI (0017a40201020201c30005) TDO (0000000000000000000001) ;
SDR 82 TDI (0017a90002020200030171) TDO (0000000000000000000001) ;
SDR 82 TDI (0017ac0200020200030171) TDO (0000000000000000000001) ;
SDR 82 TDI (0017b00000000000000071) TDO (0000000000000000000001) ;
SDR 82 TDI (0017c00000040000000041) TDO (0000000000000000000001) ;
SDR 82 TDI (0017c40000000000200005) TDO (0000000000000000000001) ;
SDR 82 TDI (0017c80000000000000075) TDO (0000000000000000000001) ;
SDR 82 TDI (0017cc0000000000000071) TDO (0000000000000000000001) ;
SDR 82 TDI (0017d00000000000000073) ;
RUNTEST 20000 TCK;
SDR 82 TDI (0018030300034303030001) TDO (0000000000000000000001) MASK (0000000000000000000003) ;
SDR 82 TDI (0018070200030103000201) TDO (0000000000000000000001) MASK (0000000000000000000000) ;
SDR 82 TDI (0018090202030103020201) TDO (0000000000000000000001) ;
SDR 82 TDI (00180f0202020203030201) TDO (0000000000000000000001) ;
SDR 82 TDI (0018130202020303030201) TDO (0000000000000000000001) ;
SDR 82 TDI (0018230203030203030201) TDO (0000000000000000000001) ;
SDR 82 TDI (0018270302030203030001) TDO (0000000000000000000001) ;
SDR 82 TDI (00182a0102030203030101) TDO (0000000000000000000001) ;
SDR 82 TDI (00182c0302030303030101) TDO (0000000000000000000001) ;
SDR 82 TDI (0018300000000000000001) TDO (0000000000000000000001) ;
SDR 82 TDI (0018400000000000000001) TDO (0000000000000000000001) ;
SDR 82 TDI (0018440000000000000001) TDO (0000000000000000000001) ;
SDR 82 TDI (0018480000000000000001) TDO (0000000000000000000001) ;
SDR 82 TDI (00184c0000000000000001) TDO (0000000000000000000001) ;
SDR 82 TDI (0018500000000000000003) ;
RUNTEST 20000 TCK;
SDR 82 TDI (00188101000101011c0005) TDO (0000000000000000000001) MASK (0000000000000000000003) ;
SDR 82 TDI (0018850000020101000201) TDO (0000000000000000000001) MASK (0000000000000000000000) ;
SDR 82 TDI (0018890000020081040241) TDO (0000000000000000000001) ;
SDR 82 TDI (00188d00000200010c0041) TDO (0000000000000000000001) ;
SDR 82 TDI (00189100000201010c0201) TDO (0000000000000000000001) ;
SDR 82 TDI (0018a00201020031100201) TDO (0000000000000000000001) ;
SDR 82 TDI (0018a40200420000000001) TDO (0000000000000000000001) ;
SDR 82 TDI (0018a80000020200000131) TDO (0000000000000000000001) ;
SDR 82 TDI (0018ac0200020200020131) TDO (0000000000000000000001) ;
SDR 82 TDI (0018b00000000004000071) TDO (0000000000000000000001) ;
SDR 82 TDI (0018c000000000a00c0001) TDO (0000000000000000000001) ;
SDR 82 TDI (0018c40000000080080005) TDO (0000000000000000000001) ;
SDR 82 TDI (0018c800000000880c0015) TDO (0000000000000000000001) ;
SDR 82 TDI (0018cc00000000800c0051) TDO (0000000000000000000001) ;
SDR 82 TDI (0018d000000000800c0073) ;
RUNTEST 20000 TCK;
SDR 82 TDI (0019010101020100000301) TDO (0000000000000000000001) MASK (0000000000000000000003) ;
SDR 82 TDI (0019060201010000010201) TDO (0000000000000000000001) MASK (0000000000000000000000) ;
SDR 82 TDI (0019080001028900000301) TDO (0000000000000000000001) ;
SDR 82 TDI (00190c0002000203000001) TDO (0000000000000000000001) ;
SDR 82 TDI (001913030101c100010301) TDO (0000000000000000000001) ;
SDR 82 TDI (0019200000000000000001) TDO (0000000000000000000001) ;
SDR 82 TDI (0019240000000000000001) TDO (0000000000000000000001) ;
SDR 82 TDI (0019280000000000000001) TDO (0000000000000000000001) ;
SDR 82 TDI (00192c0000002000000001) TDO (0000000000000000000001) ;
SDR 82 TDI (0019300000002000000001) TDO (0000000000000000000001) ;
SDR 82 TDI (0019400000000000000001) TDO (0000000000000000000001) ;
SDR 82 TDI (0019440000000000000001) TDO (0000000000000000000001) ;
SDR 82 TDI (0019480000000000000001) TDO (0000000000000000000001) ;
SDR 82 TDI (00194c0000008000000001) TDO (0000000000000000000001) ;
SDR 82 TDI (0019500000002000000003) ;
RUNTEST 20000 TCK;
SDR 82 TDI (0019820d021e02c2dc0245) TDO (0000000000000000000001) MASK (0000000000000000000003) ;
SDR 82 TDI (0019860103030303050241) TDO (0000000000000000000001) MASK (0000000000000000000000) ;
SDR 82 TDI (00198b01031003830c0241) TDO (0000000000000000000001) ;
SDR 82 TDI (00198c00000000000c0041) TDO (0000000000000000000001) ;
SDR 82 TDI (00199101000301000d0101) TDO (0000000000000000000001) ;
SDR 82 TDI (0019a00000040070f00001) TDO (0000000000000000000001) ;
SDR 82 TDI (0019a40000000080000005) TDO (0000000000000000000001) ;
SDR 82 TDI (0019a800000000800c0071) TDO (0000000000000000000001) ;
SDR 82 TDI (0019ac00000000800c0071) TDO (0000000000000000000001) ;
SDR 82 TDI (0019b000000000840c0071) TDO (0000000000000000000001) ;
SDR 82 TDI (0019c004000420e0ec0041) TDO (0000000000000000000001) ;
SDR 82 TDI (0019c40000000080080005) TDO (0000000000000000000001) ;
SDR 82 TDI (0019c800000000880c0075) TDO (0000000000000000000001) ;
SDR 82 TDI (0019cc00000000800c0071) TDO (0000000000000000000001) ;
SDR 82 TDI (0019d000000000800c0073) ;
RUNTEST 20000 TCK;
SDR 82 TDI (001a010000010003000001) TDO (0000000000000000000001) MASK (0000000000000000000003) ;
SDR 82 TDI (001a050101010100000001) TDO (0000000000000000000001) MASK (0000000000000000000000) ;
SDR 82 TDI (001a080101000102010001) TDO (0000000000000000000001) ;
SDR 82 TDI (001a0e0002020200000201) TDO (0000000000000000000001) ;
SDR 82 TDI (001a100000010103010101) TDO (0000000000000000000001) ;
SDR 82 TDI (001a200000000000000001) TDO (0000000000000000000001) ;
SDR 82 TDI (001a240000000000000001) TDO (0000000000000000000001) ;
SDR 82 TDI (001a280000000000000001) TDO (0000000000000000000001) ;
SDR 82 TDI (001a2c0000000000000001) TDO (0000000000000000000001) ;
SDR 82 TDI (001a300000000000000001) TDO (0000000000000000000001) ;
SDR 82 TDI (001a400000000000000001) TDO (0000000000000000000001) ;
SDR 82 TDI (001a440000000000000001) TDO (0000000000000000000001) ;
SDR 82 TDI (001a480000000000000001) TDO (0000000000000000000001) ;
SDR 82 TDI (001a4c0000000000000001) TDO (0000000000000000000001) ;
SDR 82 TDI (001a500000000000000003) ;
RUNTEST 20000 TCK;
SDR 82 TDI (001a8001030000213c0005) TDO (0000000000000000000001) MASK (0000000000000000000003) ;
SDR 82 TDI (001a840301030300002301) TDO (0000000000000000000001) MASK (0000000000000000000000) ;
SDR 82 TDI (001a8b0201020180050241) TDO (0000000000000000000001) ;
SDR 82 TDI (001a8c00000000000c0041) TDO (0000000000000000000001) ;
SDR 82 TDI (001a9301030103010d0301) TDO (0000000000000000000001) ;
SDR 82 TDI (001aa00000000030100001) TDO (0000000000000000000001) ;
SDR 82 TDI (001aa40000000000000001) TDO (0000000000000000000001) ;
SDR 82 TDI (001aa80000000000000031) TDO (0000000000000000000001) ;
SDR 82 TDI (001aac0000000000000031) TDO (0000000000000000000001) ;
SDR 82 TDI (001ab00000000004000071) TDO (0000000000000000000001) ;
SDR 82 TDI (001ac000000000b01c0001) TDO (0000000000000000000001) ;
SDR 82 TDI (001ac40000200080080005) TDO (0000000000000000000001) ;
SDR 82 TDI (001ac800000000880c0015) TDO (0000000000000000000001) ;
SDR 82 TDI (001acc00000000800c0051) TDO (0000000000000000000001) ;
SDR 82 TDI (001ad000000000800c0073) ;
RUNTEST 20000 TCK;
SDR 82 TDI (001b01000201000b000001) TDO (0000000000000000000001) MASK (0000000000000000000003) ;
SDR 82 TDI (001b050009010103000201) TDO (0000000000000000000001) MASK (0000000000000000000000) ;
SDR 82 TDI (001b08000301010f010001) TDO (0000000000000000000001) ;
SDR 82 TDI (001b0c0000000000000001) TDO (0000000000000000000001) ;
SDR 82 TDI (001b110086010007010201) TDO (0000000000000000000001) ;
SDR 82 TDI (001b200000380000000001) TDO (0000000000000000000001) ;
SDR 82 TDI (001b240000c80004000001) TDO (0000000000000000000001) ;
SDR 82 TDI (001b280000000000000001) TDO (0000000000000000000001) ;
SDR 82 TDI (001b2c0000c0000c000041) TDO (0000000000000000000001) ;
SDR 82 TDI (001b300400000000000001) TDO (0000000000000000000001) ;
SDR 82 TDI (001b400000100000000001) TDO (0000000000000000000001) ;
SDR 82 TDI (001b44000060000c000001) TDO (0000000000000000000001) ;
SDR 82 TDI (001b480008080000000001) TDO (0000000000000000000001) ;
SDR 82 TDI (001b4c0040600004000001) TDO (0000000000000000000001) ;
SDR 82 TDI (001b500080000000000003) ;
RUNTEST 20000 TCK;
SDR 82 TDI (001b810102fd32233c0201) TDO (0000000000000000000001) MASK (0000000000000000000003) ;
SDR 82 TDI (001b85010321030e000301) TDO (0000000000000000000001) MASK (0000000000000000000000) ;
SDR 82 TDI (001b880003310382050201) TDO (0000000000000000000001) ;
SDR 82 TDI (001b8e00000200040c0001) TDO (0000000000000000000001) ;
SDR 82 TDI (001b9109000000010d0101) TDO (0000000000000000000001) ;
SDR 82 TDI (001ba00000c41034100001) TDO (0000000000000000000001) ;
SDR 82 TDI (001ba40000300000000001) TDO (0000000000000000000001) ;
SDR 82 TDI (001ba80000c0000c000001) TDO (0000000000000000000001) ;
SDR 82 TDI (001bac0000000000000001) TDO (0000000000000000000001) ;
SDR 82 TDI (001bb0000000000c000001) TDO (0000000000000000000001) ;
SDR 82 TDI (001bc00000e418bc1c0001) TDO (0000000000000000000001) ;
SDR 82 TDI (001bc40000180080080001) TDO (0000000000000000000001) ;
SDR 82 TDI (001bc8000060008c0c0001) TDO (0000000000000000000001) ;
SDR 82 TDI (001bcc00000800800c0001) TDO (0000000000000000000001) ;
SDR 82 TDI (001bd000000880800c0003) ;
RUNTEST 20000 TCK;
SDR 82 TDI (001c000100030001150005) TDO (0000000000000000000001) MASK (0000000000000000000003) ;
SDR 82 TDI (001c060003030102010301) TDO (0000000000000000000001) MASK (0000000000000000000000) ;
SDR 82 TDI (001c090102018982060241) TDO (0000000000000000000001) ;
SDR 82 TDI (001c0c0000000200080001) TDO (0000000000000000000001) ;
SDR 82 TDI (001c13010103c101070101) TDO (0000000000000000000001) ;
SDR 82 TDI (001c200000000020100001) TDO (0000000000000000000001) ;
SDR 82 TDI (001c240000000000000001) TDO (0000000000000000000001) ;
SDR 82 TDI (001c280000000000000031) TDO (0000000000000000000001) ;
SDR 82 TDI (001c2c0000002000000031) TDO (0000000000000000000001) ;
SDR 82 TDI (001c300000000000000041) TDO (0000000000000000000001) ;
SDR 82 TDI (001c400000000020040001) TDO (0000000000000000000001) ;
SDR 82 TDI (001c440000000080080005) TDO (0000000000000000000001) ;
SDR 82 TDI (001c4800000000800c0011) TDO (0000000000000000000001) ;
SDR 82 TDI (001c4c000000a0800c0051) TDO (0000000000000000000001) ;
SDR 82 TDI (001c5000000020800c0023) ;
RUNTEST 20000 TCK;
SDR 82 TDI (001c820c021f01c3c90341) TDO (0000000000000000000001) MASK (0000000000000000000003) ;
SDR 82 TDI (001c860202020202050041) TDO (0000000000000000000001) MASK (0000000000000000000000) ;
SDR 82 TDI (001c8902020103020a0201) TDO (0000000000000000000001) ;
SDR 82 TDI (001c8c0000000000040041) TDO (0000000000000000000001) ;
SDR 82 TDI (001c9100000001010b0301) TDO (0000000000000000000001) ;
SDR 82 TDI (001ca00000040050e00001) TDO (0000000000000000000001) ;
SDR 82 TDI (001ca40000000080000005) TDO (0000000000000000000001) ;
SDR 82 TDI (001ca800000000800c0041) TDO (0000000000000000000001) ;
SDR 82 TDI (001cac00000000800c0041) TDO (0000000000000000000001) ;
SDR 82 TDI (001cb000000000840c0031) TDO (0000000000000000000001) ;
SDR 82 TDI (001cc004000400c0e80041) TDO (0000000000000000000001) ;
SDR 82 TDI (001cc40000000000000001) TDO (0000000000000000000001) ;
SDR 82 TDI (001cc80000000008000065) TDO (0000000000000000000001) ;
SDR 82 TDI (001ccc0000000000000021) TDO (0000000000000000000001) ;
SDR 82 TDI (001cd00000000000000053) ;
RUNTEST 20000 TCK;
SDR 82 TDI (001d000000000000010005) TDO (0000000000000000000001) MASK (0000000000000000000003) ;
SDR 82 TDI (001d040000020100110041) TDO (0000000000000000000001) MASK (0000000000000000000000) ;
SDR 82 TDI (001d090002000282000241) TDO (0000000000000000000001) ;
SDR 82 TDI (001d0c0401012081000101) TDO (0000000000000000000001) ;
SDR 82 TDI (001d110000020100050001) TDO (0000000000000000000001) ;
SDR 82 TDI (001d200000000020000001) TDO (0000000000000000000001) ;
SDR 82 TDI (001d240000000000000001) TDO (0000000000000000000001) ;
SDR 82 TDI (001d280000000000000031) TDO (0000000000000000000001) ;
SDR 82 TDI (001d2c0000000080000071) TDO (0000000000000000000001) ;
SDR 82 TDI (001d300000000080000041) TDO (0000000000000000000001) ;
SDR 82 TDI (001d400000000020000001) TDO (0000000000000000000001) ;
SDR 82 TDI (001d440000000080080005) TDO (0000000000000000000001) ;
SDR 82 TDI (001d480000000080040051) TDO (0000000000000000000001) ;
SDR 82 TDI (001d4c04000010c0080071) TDO (0000000000000000000001) ;
SDR 82 TDI (001d500000000080000023) ;
RUNTEST 20000 TCK;
SDR 82 TDI (001d8103031f0302010341) TDO (0000000000000000000001) MASK (0000000000000000000003) ;
SDR 82 TDI (001d850000000103010101) TDO (0000000000000000000001) MASK (0000000000000000000000) ;
SDR 82 TDI (001d890303030301000301) TDO (0000000000000000000001) ;
SDR 82 TDI (001d8e0800001040000041) TDO (0000000000000000000001) ;
SDR 82 TDI (001d900002000001010001) TDO (0000000000000000000001) ;
SDR 82 TDI (001da00000040010000001) TDO (0000000000000000000001) ;
SDR 82 TDI (001da40000000080100001) TDO (0000000000000000000001) ;
SDR 82 TDI (001da80000000080000041) TDO (0000000000000000000001) ;
SDR 82 TDI (001dac0000001040000001) TDO (0000000000000000000001) ;
SDR 82 TDI (001db00000000004000031) TDO (0000000000000000000001) ;
SDR 82 TDI (001dc00000040080000041) TDO (0000000000000000000001) ;
SDR 82 TDI (001dc40000000000000001) TDO (0000000000000000000001) ;
SDR 82 TDI (001dc80000000008000025) TDO (0000000000000000000001) ;
SDR 82 TDI (001dcc0000000800000001) TDO (0000000000000000000001) ;
SDR 82 TDI (001dd000000000000c0053) ;
RUNTEST 20000 TCK;
SDR 82 TDI (001e000003000303000301) TDO (0000000000000000000001) MASK (0000000000000000000003) ;
SDR 82 TDI (001e070022030002000201) TDO (0000000000000000000001) MASK (0000000000000000000000) ;
SDR 82 TDI (001e080002000102030301) TDO (0000000000000000000001) ;
SDR 82 TDI (001e0c0000000000000001) TDO (0000000000000000000001) ;
SDR 82 TDI (001e130003030201030201) TDO (0000000000000000000001) ;
SDR 82 TDI (001e200000000000000001) TDO (0000000000000000000001) ;
SDR 82 TDI (001e240000000000000001) TDO (0000000000000000000001) ;
SDR 82 TDI (001e280000000000000001) TDO (0000000000000000000001) ;
SDR 82 TDI (001e2c0000000000000001) TDO (0000000000000000000001) ;
SDR 82 TDI (001e300000000000000001) TDO (0000000000000000000001) ;
SDR 82 TDI (001e400000004000000001) TDO (0000000000000000000001) ;
SDR 82 TDI (001e440000000000000001) TDO (0000000000000000000001) ;
SDR 82 TDI (001e480000000000000001) TDO (0000000000000000000001) ;
SDR 82 TDI (001e4c0000000000000001) TDO (0000000000000000000001) ;
SDR 82 TDI (001e500000000000000003) ;
RUNTEST 20000 TCK;
SDR 82 TDI (001e820202200301000001) TDO (0000000000000000000001) MASK (0000000000000000000003) ;
SDR 82 TDI (001e870300202000000001) TDO (0000000000000000000001) MASK (0000000000000000000000) ;
SDR 82 TDI (001e8a0202200100030001) TDO (0000000000000000000001) ;
SDR 82 TDI (001e8c0000000000000041) TDO (0000000000000000000001) ;
SDR 82 TDI (001e930302000301030001) TDO (0000000000000000000001) ;
SDR 82 TDI (001ea04000000000000001) TDO (0000000000000000000001) ;
SDR 82 TDI (001ea40000001000000001) TDO (0000000000000000000001) ;
SDR 82 TDI (001ea80000000000000001) TDO (0000000000000000000001) ;
SDR 82 TDI (001eac0000000000000001) TDO (0000000000000000000001) ;
SDR 82 TDI (001eb00000000000000001) TDO (0000000000000000000001) ;
SDR 82 TDI (001ec00000000000000001) TDO (0000000000000000000001) ;
SDR 82 TDI (001ec40000101800000001) TDO (0000000000000000000001) ;
SDR 82 TDI (001ec80000000000000001) TDO (0000000000000000000001) ;
SDR 82 TDI (001ecc0000000004000001) TDO (0000000000000000000001) ;
SDR 82 TDI (001ed00000000000000003) ;
RUNTEST 20000 TCK;
SDR 82 TDI (001f020002000101010301) TDO (0000000000000000000001) MASK (0000000000000000000003) ;
SDR 82 TDI (001f060303010000030341) TDO (0000000000000000000001) MASK (0000000000000000000000) ;
SDR 82 TDI (001f090201030100000101) TDO (0000000000000000000001) ;
SDR 82 TDI (001f0c0000000202000001) TDO (0000000000000000000001) ;
SDR 82 TDI (001f130101020101030101) TDO (0000000000000000000001) ;
SDR 82 TDI (001f200000000000040001) TDO (0000000000000000000001) ;
SDR 82 TDI (001f240000000000000001) TDO (0000000000000000000001) ;
SDR 82 TDI (001f280000000000000001) TDO (0000000000000000000001) ;
SDR 82 TDI (001f2c0000000000000001) TDO (0000000000000000000001) ;
SDR 82 TDI (001f300000000000000001) TDO (0000000000000000000001) ;
SDR 82 TDI (001f400000000000000001) TDO (0000000000000000000001) ;
SDR 82 TDI (001f440000000000000001) TDO (0000000000000000000001) ;
SDR 82 TDI (001f480000000000000001) TDO (0000000000000000000001) ;
SDR 82 TDI (001f4c0000000000000001) TDO (0000000000000000000001) ;
SDR 82 TDI (001f500000000000000003) ;
RUNTEST 20000 TCK;
SDR 82 TDI (001f820200010200010001) TDO (0000000000000000000001) MASK (0000000000000000000003) ;
SDR 82 TDI (001f840202020000010201) TDO (0000000000000000000001) MASK (0000000000000000000000) ;
SDR 82 TDI (001f8b0002010200000001) TDO (0000000000000000000001) ;
SDR 82 TDI (001f8c0001000101000101) TDO (0000000000000000000001) ;
SDR 82 TDI (001f910202020002010201) TDO (0000000000000000000001) ;
SDR 82 TDI (001fa00000000000000001) TDO (0000000000000000000001) ;
SDR 82 TDI (001fa40000000000000001) TDO (0000000000000000000001) ;
SDR 82 TDI (001fa80000000000000001) TDO (0000000000000000000001) ;
SDR 82 TDI (001fac0000000000000001) TDO (0000000000000000000001) ;
SDR 82 TDI (001fb00000000000000001) TDO (0000000000000000000001) ;
SDR 82 TDI (001fc00000000000000001) TDO (0000000000000000000001) ;
SDR 82 TDI (001fc40000000000000001) TDO (0000000000000000000001) ;
SDR 82 TDI (001fc80000400000000001) TDO (0000000000000000000001) ;
SDR 82 TDI (001fcc0000000000000001) TDO (0000000000000000000001) ;
SDR 82 TDI (001fd00000000000000003) ;
RUNTEST 20000 TCK;
SDR 82 TDI (0020000103200103010201) TDO (0000000000000000000001) MASK (0000000000000000000003) ;
SDR 82 TDI (0020060100030200010101) TDO (0000000000000000000001) MASK (0000000000000000000000) ;
SDR 82 TDI (00200b0003020302000201) TDO (0000000000000000000001) ;
SDR 82 TDI (00200c0000000000000001) TDO (0000000000000000000001) ;
SDR 82 TDI (0020110102010101000101) TDO (0000000000000000000001) ;
SDR 82 TDI (0020200000000000000001) TDO (0000000000000000000001) ;
SDR 82 TDI (0020240000000000000001) TDO (0000000000000000000001) ;
SDR 82 TDI (0020280000000000000001) TDO (0000000000000000000001) ;
SDR 82 TDI (00202c0000000000000001) TDO (0000000000000000000001) ;
SDR 82 TDI (0020300000000000000001) TDO (0000000000000000000001) ;
SDR 82 TDI (0020400000000000000001) TDO (0000000000000000000001) ;
SDR 82 TDI (0020440000000000000001) TDO (0000000000000000000001) ;
SDR 82 TDI (0020480000000000000001) TDO (0000000000000000000001) ;
SDR 82 TDI (00204c0000000000000001) TDO (0000000000000000000001) ;
SDR 82 TDI (0020500000000000000003) ;
RUNTEST 20000 TCK;
SDR 82 TDI (0020810d021c31011c0205) TDO (0000000000000000000001) MASK (0000000000000000000003) ;
SDR 82 TDI (0020850101010000000301) TDO (0000000000000000000001) MASK (0000000000000000000000) ;
SDR 82 TDI (0020880001300182070241) TDO (0000000000000000000001) ;
SDR 82 TDI (00208c00000000000c0041) TDO (0000000000000000000001) ;
SDR 82 TDI (00209101030101010f0301) TDO (0000000000000000000001) ;
SDR 82 TDI (0020a00000041030100001) TDO (0000000000000000000001) ;
SDR 82 TDI (0020a40000000000000001) TDO (0000000000000000000001) ;
SDR 82 TDI (0020a80000000000000031) TDO (0000000000000000000001) ;
SDR 82 TDI (0020ac0000000000000031) TDO (0000000000000000000001) ;
SDR 82 TDI (0020b00000000004000071) TDO (0000000000000000000001) ;
SDR 82 TDI (0020c004000418a00c0001) TDO (0000000000000000000001) ;
SDR 82 TDI (0020c40000000080080005) TDO (0000000000000000000001) ;
SDR 82 TDI (0020c800000000880c0015) TDO (0000000000000000000001) ;
SDR 82 TDI (0020cc00000000800c0051) TDO (0000000000000000000001) ;
SDR 82 TDI (0020d000000080800c0073) ;
RUNTEST 20000 TCK;
SDR 82 TDI (0021001001000001000301) TDO (0000000000000000000001) MASK (0000000000000000000003) ;
SDR 82 TDI (0021070201010100000201) TDO (0000000000000000000001) MASK (0000000000000000000000) ;
SDR 82 TDI (0021090001018b00010301) TDO (0000000000000000000001) ;
SDR 82 TDI (00210c0000000080000001) TDO (0000000000000000000001) ;
SDR 82 TDI (002112020000c001010301) TDO (0000000000000000000001) ;
SDR 82 TDI (0021200000000020000001) TDO (0000000000000000000001) ;
SDR 82 TDI (0021240000000000000001) TDO (0000000000000000000001) ;
SDR 82 TDI (0021280000000080000001) TDO (0000000000000000000001) ;
SDR 82 TDI (00212c0000002040000001) TDO (0000000000000000000001) ;
SDR 82 TDI (0021300000000080000001) TDO (0000000000000000000001) ;
SDR 82 TDI (0021400000000020000001) TDO (0000000000000000000001) ;
SDR 82 TDI (0021440000000080000001) TDO (0000000000000000000001) ;
SDR 82 TDI (0021480000000080000001) TDO (0000000000000000000001) ;
SDR 82 TDI (00214c000000a080000001) TDO (0000000000000000000001) ;
SDR 82 TDI (0021500000002080000003) ;
RUNTEST 20000 TCK;
SDR 82 TDI (00218101011e0303dc0045) TDO (0000000000000000000001) MASK (0000000000000000000003) ;
SDR 82 TDI (0021851100010101040341) TDO (0000000000000000000001) MASK (0000000000000000000000) ;
SDR 82 TDI (00218801001002820f0241) TDO (0000000000000000000001) ;
SDR 82 TDI (00218ce0000000400c0041) TDO (0000000000000000000001) ;
SDR 82 TDI (00219101010302020f0301) TDO (0000000000000000000001) ;
SDR 82 TDI (0021a00000040010f00001) TDO (0000000000000000000001) ;
SDR 82 TDI (0021a40000000080000005) TDO (0000000000000000000001) ;
SDR 82 TDI (0021a800000000000c1071) TDO (0000000000000000000001) ;
SDR 82 TDI (0021ace0000000800c0071) TDO (0000000000000000000001) ;
SDR 82 TDI (0021b000000000040c0071) TDO (0000000000000000000001) ;
SDR 82 TDI (0021c00000040080ec1041) TDO (0000000000000000000001) ;
SDR 82 TDI (0021c40000000000080005) TDO (0000000000000000000001) ;
SDR 82 TDI (0021c800000000080c0075) TDO (0000000000000000000001) ;
SDR 82 TDI (0021cc40000000400c0071) TDO (0000000000000000000001) ;
SDR 82 TDI (0021d000000000000c0073) ;
RUNTEST 20000 TCK;
SDR 82 TDI (0022010001c30200200201) TDO (0000000000000000000001) MASK (0000000000000000000003) ;
SDR 82 TDI (0022050142030101000301) TDO (0000000000000000000001) MASK (0000000000000000000000) ;
SDR 82 TDI (0022090002010300000301) TDO (0000000000000000000001) ;
SDR 82 TDI (00220c0000000000000001) TDO (0000000000000000000001) ;
SDR 82 TDI (0022110103020301000301) TDO (0000000000000000000001) ;
SDR 82 TDI (0022200000000000000001) TDO (0000000000000000000001) ;
SDR 82 TDI (0022240000000000000001) TDO (0000000000000000000001) ;
SDR 82 TDI (0022280000000000000001) TDO (0000000000000000000001) ;
SDR 82 TDI (00222c0000000000000001) TDO (0000000000000000000001) ;
SDR 82 TDI (0022300000000000000001) TDO (0000000000000000000001) ;
SDR 82 TDI (0022400000800000100001) TDO (0000000000000000000001) ;
SDR 82 TDI (0022440000000020000001) TDO (0000000000000000000001) ;
SDR 82 TDI (0022480000000000000001) TDO (0000000000000000000001) ;
SDR 82 TDI (00224c0000000000000001) TDO (0000000000000000000001) ;
SDR 82 TDI (0022500000000000000003) ;
RUNTEST 20000 TCK;
SDR 82 TDI (0022810c003d30011e0101) TDO (0000000000000000000001) MASK (0000000000000000000003) ;
SDR 82 TDI (0022860201200102020301) TDO (0000000000000000000001) MASK (0000000000000000000000) ;
SDR 82 TDI (0022890001310002061301) TDO (0000000000000000000001) ;
SDR 82 TDI (00228c00020002000c0001) TDO (0000000000000000000001) ;
SDR 82 TDI (00229202000001010e0101) TDO (0000000000000000000001) ;
SDR 82 TDI (0022a00000041000101001) TDO (0000000000000000000001) ;
SDR 82 TDI (0022a40000000000000001) TDO (0000000000000000000001) ;
SDR 82 TDI (0022a80000000000000001) TDO (0000000000000000000001) ;
SDR 82 TDI (0022ac0000000000000001) TDO (0000000000000000000001) ;
SDR 82 TDI (0022b00000000000000011) TDO (0000000000000000000001) ;
SDR 82 TDI (0022c004000418000c0001) TDO (0000000000000000000001) ;
SDR 82 TDI (0022c40000000010080001) TDO (0000000000000000000001) ;
SDR 82 TDI (0022c800000000000c0001) TDO (0000000000000000000001) ;
SDR 82 TDI (0022cc00000000000c0001) TDO (0000000000000000000001) ;
SDR 82 TDI (0022d000000080000c0003) ;
RUNTEST 20000 TCK;
SDR 82 TDI (00230000031c0003080001) TDO (0000000000000000000001) MASK (0000000000000000000003) ;
SDR 82 TDI (0023060002020202000301) TDO (0000000000000000000001) MASK (0000000000000000000000) ;
SDR 82 TDI (00230a0003028a03020301) TDO (0000000000000000000001) ;
SDR 82 TDI (00230c0000000000040041) TDO (0000000000000000000001) ;
SDR 82 TDI (002310000100c2010a0301) TDO (0000000000000000000001) ;
SDR 82 TDI (0023200000040010000001) TDO (0000000000000000000001) ;
SDR 82 TDI (0023240000000000000001) TDO (0000000000000000000001) ;
SDR 82 TDI (0023280000000000000001) TDO (0000000000000000000001) ;
SDR 82 TDI (00232c0000002000000001) TDO (0000000000000000000001) ;
SDR 82 TDI (0023300000000000000031) TDO (0000000000000000000001) ;
SDR 82 TDI (0023400000042080080001) TDO (0000000000000000000001) ;
SDR 82 TDI (0023440000002000000001) TDO (0000000000000000000001) ;
SDR 82 TDI (0023480000002000000005) TDO (0000000000000000000001) ;
SDR 82 TDI (00234c000000a000000001) TDO (0000000000000000000001) ;
SDR 82 TDI (0023500000002000000053) ;
RUNTEST 20000 TCK;
SDR 82 TDI (0023830103030004010001) TDO (0000000000000000000001) MASK (0000000000000000000003) ;
SDR 82 TDI (0023870000030203010301) TDO (0000000000000000000001) MASK (0000000000000000000000) ;
SDR 82 TDI (00238a0101020002000001) TDO (0000000000000000000001) ;
SDR 82 TDI (00238c0000000000000001) TDO (0000000000000000000001) ;
SDR 82 TDI (0023920002020200000301) TDO (0000000000000000000001) ;
SDR 82 TDI (0023a00000000000000001) TDO (0000000000000000000001) ;
SDR 82 TDI (0023a40000000008000001) TDO (0000000000000000000001) ;
SDR 82 TDI (0023a80000000000000001) TDO (0000000000000000000001) ;
SDR 82 TDI (0023ac0000000000000001) TDO (0000000000000000000001) ;
SDR 82 TDI (0023b00000002000000001) TDO (0000000000000000000001) ;
SDR 82 TDI (0023c00000000000000001) TDO (0000000000000000000001) ;
SDR 82 TDI (0023c40000000000000001) TDO (0000000000000000000001) ;
SDR 82 TDI (0023c80000000000000001) TDO (0000000000000000000001) ;
SDR 82 TDI (0023cc0000000000000001) TDO (0000000000000000000001) ;
SDR 82 TDI (0023d00000000000000003) ;
RUNTEST 20000 TCK;
SDR 82 TDI (0024020202000310000345) TDO (0000000000000000000001) MASK (0000000000000000000003) ;
SDR 82 TDI (0024060000000100000341) TDO (0000000000000000000001) MASK (0000000000000000000000) ;
SDR 82 TDI (00240a0202000382000341) TDO (0000000000000000000001) ;
SDR 82 TDI (00240d0c01000000000041) TDO (0000000000000000000001) ;
SDR 82 TDI (0024100002000003000001) TDO (0000000000000000000001) ;
SDR 82 TDI (0024200000000080000071) TDO (0000000000000000000001) ;
SDR 82 TDI (0024240000000080000005) TDO (0000000000000000000001) ;
SDR 82 TDI (0024280000000080000071) TDO (0000000000000000000001) ;
SDR 82 TDI (00242c0000000080000071) TDO (0000000000000000000001) ;
SDR 82 TDI (0024300000000080000071) TDO (0000000000000000000001) ;
SDR 82 TDI (0024400000000080000075) TDO (0000000000000000000001) ;
SDR 82 TDI (0024440000000080000005) TDO (0000000000000000000001) ;
SDR 82 TDI (0024480000000080000075) TDO (0000000000000000000001) ;
SDR 82 TDI (00244c0000000080000071) TDO (0000000000000000000001) ;
SDR 82 TDI (0024500000008080040073) ;
RUNTEST 20000 TCK;
SDR 82 TDI (0024820202020202000001) TDO (0000000000000000000001) MASK (0000000000000000000003) ;
SDR 82 TDI (0024870370020301000001) TDO (0000000000000000000001) MASK (0000000000000000000000) ;
SDR 82 TDI (0024890102000301020001) TDO (0000000000000000000001) ;
SDR 82 TDI (00248c0001000000000101) TDO (0000000000000000000001) ;
SDR 82 TDI (0024920202020202020001) TDO (0000000000000000000001) ;
SDR 82 TDI (0024a00000100000000001) TDO (0000000000000000000001) ;
SDR 82 TDI (0024a40070000000000001) TDO (0000000000000000000001) ;
SDR 82 TDI (0024a80000000000000001) TDO (0000000000000000000001) ;
SDR 82 TDI (0024ac0000000000000001) TDO (0000000000000000000001) ;
SDR 82 TDI (0024b00000000000000001) TDO (0000000000000000000001) ;
SDR 82 TDI (0024c00000000000000001) TDO (0000000000000000000001) ;
SDR 82 TDI (0024c40030000000000001) TDO (0000000000000000000001) ;
SDR 82 TDI (0024c80000000000000001) TDO (0000000000000000000001) ;
SDR 82 TDI (0024cc0400000000000001) TDO (0000000000000000000001) ;
SDR 82 TDI (0024d00000000000000003) ;
RUNTEST 20000 TCK;
SDR 82 TDI (0025020003020103000101) TDO (0000000000000000000001) MASK (0000000000000000000003) ;
SDR 82 TDI (0025060002034301000101) TDO (0000000000000000000001) MASK (0000000000000000000000) ;
SDR 82 TDI (002508000201490b000101) TDO (0000000000000000000001) ;
SDR 82 TDI (00250c0000008000000201) TDO (0000000000000000000001) ;
SDR 82 TDI (0025120001020600000001) TDO (0000000000000000000001) ;
SDR 82 TDI (0025200000000000000001) TDO (0000000000000000000001) ;
SDR 82 TDI (0025240000000000000001) TDO (0000000000000000000001) ;
SDR 82 TDI (0025280000000000000001) TDO (0000000000000000000001) ;
SDR 82 TDI (00252c0000002000000001) TDO (0000000000000000000001) ;
SDR 82 TDI (002530040000c000000001) TDO (0000000000000000000001) ;
SDR 82 TDI (0025400000000000000001) TDO (0000000000000000000001) ;
SDR 82 TDI (0025440000000000000001) TDO (0000000000000000000001) ;
SDR 82 TDI (0025480000000000000041) TDO (0000000000000000000001) ;
SDR 82 TDI (00254c0000002000000001) TDO (0000000000000000000001) ;
SDR 82 TDI (0025500000002000000003) ;
RUNTEST 20000 TCK;
SDR 82 TDI (0025810003030103dc0301) TDO (0000000000000000000001) MASK (0000000000000000000003) ;
SDR 82 TDI (0025870201030501040301) TDO (0000000000000000000001) MASK (0000000000000000000000) ;
SDR 82 TDI (00258908010203030c0301) TDO (0000000000000000000001) ;
SDR 82 TDI (00258c00000040000c0001) TDO (0000000000000000000001) ;
SDR 82 TDI (00259202020100040c0201) TDO (0000000000000000000001) ;
SDR 82 TDI (0025a00000000000f00001) TDO (0000000000000000000001) ;
SDR 82 TDI (0025a4000000c000000001) TDO (0000000000000000000001) ;
SDR 82 TDI (0025a800008000000c4001) TDO (0000000000000000000001) ;
SDR 82 TDI (0025ac00000000000c0001) TDO (0000000000000000000001) ;
SDR 82 TDI (0025b000000000000c0001) TDO (0000000000000000000001) ;
SDR 82 TDI (0025c00000000000ec4001) TDO (0000000000000000000001) ;
SDR 82 TDI (0025c40000004000080001) TDO (0000000000000000000001) ;
SDR 82 TDI (0025c800000000000c0001) TDO (0000000000000000000001) ;
SDR 82 TDI (0025cc00000000000c0001) TDO (0000000000000000000001) ;
SDR 82 TDI (0025d000000000000c0003) ;
RUNTEST 20000 TCK;
SDR 82 TDI (0026000003020200030001) TDO (0000000000000000000001) MASK (0000000000000000000003) ;
SDR 82 TDI (0026060208020200030001) TDO (0000000000000000000001) MASK (0000000000000000000000) ;
SDR 82 TDI (0026080000020200000001) TDO (0000000000000000000001) ;
SDR 82 TDI (00260c0000000103000301) TDO (0000000000000000000001) ;
SDR 82 TDI (0026120287000000030001) TDO (0000000000000000000001) ;
SDR 82 TDI (0026200800000000000001) TDO (0000000000000000000001) ;
SDR 82 TDI (0026240000000000000001) TDO (0000000000000000000001) ;
SDR 82 TDI (0026280000000000000001) TDO (0000000000000000000001) ;
SDR 82 TDI (00262c0000000000000001) TDO (0000000000000000000001) ;
SDR 82 TDI (0026300400000000000001) TDO (0000000000000000000001) ;
SDR 82 TDI (0026400004000000000001) TDO (0000000000000000000001) ;
SDR 82 TDI (0026440000000000000001) TDO (0000000000000000000001) ;
SDR 82 TDI (0026480008000000000001) TDO (0000000000000000000001) ;
SDR 82 TDI (00264c0040000000000001) TDO (0000000000000000000001) ;
SDR 82 TDI (0026500080000000000003) ;
RUNTEST 20000 TCK;
SDR 82 TDI (0026800000000000002001) TDO (0000000000000000000001) MASK (0000000000000000000003) ;
SDR 82 TDI (0026840000000000000001) TDO (0000000000000000000001) MASK (0000000000000000000000) ;
SDR 82 TDI (0026880000000000000001) TDO (0000000000000000000001) ;
SDR 82 TDI (00268c0000000000000001) TDO (0000000000000000000001) ;
SDR 82 TDI (0026900000000000000001) TDO (0000000000000000000001) ;
SDR 82 TDI (0026a00000000000000001) TDO (0000000000000000000001) ;
SDR 82 TDI (0026a40800000000000001) TDO (0000000000000000000001) ;
SDR 82 TDI (0026a80000000000000001) TDO (0000000000000000000001) ;
SDR 82 TDI (0026ac0000000004000001) TDO (0000000000000000000001) ;
SDR 82 TDI (0026b00000000000000001) TDO (0000000000000000000001) ;
SDR 82 TDI (0026c00000100000000001) TDO (0000000000000000000001) ;
SDR 82 TDI (0026c40000000008000001) TDO (0000000000000000000001) ;
SDR 82 TDI (0026c80000000000001001) TDO (0000000000000000000001) ;
SDR 82 TDI (0026cc0800000000000001) TDO (0000000000000000000001) ;
SDR 82 TDI (0026d00000000000000003) ;
RUNTEST 20000 TCK;
SDR 82 TDI (0027010101010101010101) TDO (0000000000000000000001) MASK (0000000000000000000003) ;
SDR 82 TDI (0027050101010101000101) TDO (0000000000000000000001) MASK (0000000000000000000000) ;
SDR 82 TDI (0027080800000000000001) TDO (0000000000000000000001) ;
SDR 82 TDI (00270c0000000000000001) TDO (0000000000000000000001) ;
SDR 82 TDI (0027100800000000000001) TDO (0000000000000000000001) ;
SDR 82 TDI (0027200000000000002001) TDO (0000000000000000000001) ;
SDR 82 TDI (0027250101010101010101) TDO (0000000000000000000001) ;
SDR 82 TDI (0027280800000000000001) TDO (0000000000000000000001) ;
SDR 82 TDI (00272c0800000000000001) TDO (0000000000000000000001) ;
SDR 82 TDI (0027300800000000000001) TDO (0000000000000000000001) ;
SDR 82 TDI (0027400000000000000001) TDO (0000000000000000000001) ;
SDR 82 TDI (0027440820000000000001) TDO (0000000000000000000001) ;
SDR 82 TDI (0027480800000000000001) TDO (0000000000000000000001) ;
SDR 82 TDI (00274c0800000000000001) TDO (0000000000000000000001) ;
SDR 82 TDI (0027500400000000000003) ;
RUNTEST 20000 TCK;
SDR 82 TDI (00278000001c00c0dc0041) TDO (0000000000000000000001) MASK (0000000000000000000003) ;
SDR 82 TDI (0027840000000000048841) TDO (0000000000000000000001) MASK (0000000000000000000000) ;
SDR 82 TDI (00278804000000800cf001) TDO (0000000000000000000001) ;
SDR 82 TDI (00278c00000000000c0041) TDO (0000000000000000000001) ;
SDR 82 TDI (00279000000000000c0001) TDO (0000000000000000000001) ;
SDR 82 TDI (0027a00000040470f00001) TDO (0000000000000000000001) ;
SDR 82 TDI (0027a4000000048000a805) TDO (0000000000000000000001) ;
SDR 82 TDI (0027a800000000800cd041) TDO (0000000000000000000001) ;
SDR 82 TDI (0027ac00000000800c0041) TDO (0000000000000000000001) ;
SDR 82 TDI (0027b000000000840c0031) TDO (0000000000000000000001) ;
SDR 82 TDI (0027c000000400e0ec0041) TDO (0000000000000000000001) ;
SDR 82 TDI (0027c40000000080080c01) TDO (0000000000000000000001) ;
SDR 82 TDI (0027c800000000880c7065) TDO (0000000000000000000001) ;
SDR 82 TDI (0027cc00000000800c0021) TDO (0000000000000000000001) ;
SDR 82 TDI (0027d000000000800c0053) ;
RUNTEST 20000 TCK;
SDR 82 TDI (0028000000000000000001) TDO (0000000000000000000001) MASK (0000000000000000000003) ;
SDR 82 TDI (0028040008000000000001) TDO (0000000000000000000001) MASK (0000000000000000000000) ;
SDR 82 TDI (0028080000000800000001) TDO (0000000000000000000001) ;
SDR 82 TDI (00280c0000008000000001) TDO (0000000000000000000001) ;
SDR 82 TDI (0028100080004400000001) TDO (0000000000000000000001) ;
SDR 82 TDI (0028200080000000000001) TDO (0000000000000000000001) ;
SDR 82 TDI (0028240000004000000001) TDO (0000000000000000000001) ;
SDR 82 TDI (0028280004004000000001) TDO (0000000000000000000001) ;
SDR 82 TDI (00282c0000006000000001) TDO (0000000000000000000001) ;
SDR 82 TDI (0028300000008000000001) TDO (0000000000000000000001) ;
SDR 82 TDI (0028400084000000000001) TDO (0000000000000000000001) ;
SDR 82 TDI (0028440080000000000001) TDO (0000000000000000000001) ;
SDR 82 TDI (0028480088000000080001) TDO (0000000000000000000001) ;
SDR 82 TDI (00284c00c0002000000041) TDO (0000000000000000000001) ;
SDR 82 TDI (0028500080002000000003) ;
RUNTEST 20000 TCK;
SDR 82 TDI (0028800c000000c0000001) TDO (0000000000000000000001) MASK (0000000000000000000003) ;
SDR 82 TDI (0028840000000000000001) TDO (0000000000000000000001) MASK (0000000000000000000000) ;
SDR 82 TDI (0028880000000400000001) TDO (0000000000000000000001) ;
SDR 82 TDI (00288c0004000000000001) TDO (0000000000000000000001) ;
SDR 82 TDI (0028900000000000000001) TDO (0000000000000000000001) ;
SDR 82 TDI (0028a00000000040000001) TDO (0000000000000000000001) ;
SDR 82 TDI (0028a40080000080000001) TDO (0000000000000000000001) ;
SDR 82 TDI (0028a80000008080000001) TDO (0000000000000000000001) ;
SDR 82 TDI (0028ac0000000080000001) TDO (0000000000000000000001) ;
SDR 82 TDI (0028b00000004080000001) TDO (0000000000000000000001) ;
SDR 82 TDI (0028c00400000040000001) TDO (0000000000000000000001) ;
SDR 82 TDI (0028c40000000000000001) TDO (0000000000000000000001) ;
SDR 82 TDI (0028c80000004000000001) TDO (0000000000000000000001) ;
SDR 82 TDI (0028cc0000000000000001) TDO (0000000000000000000001) ;
SDR 82 TDI (0028d00000080000000003) ;
RUNTEST 20000 TCK;
SDR 82 TDI (0029000c000030e0000001) TDO (0000000000000000000001) MASK (0000000000000000000003) ;
SDR 82 TDI (0029040000000010000001) TDO (0000000000000000000001) MASK (0000000000000000000000) ;
SDR 82 TDI (0029080000000000000001) TDO (0000000000000000000001) ;
SDR 82 TDI (00290c0000000000000001) TDO (0000000000000000000001) ;
SDR 82 TDI (0029100000000000000001) TDO (0000000000000000000001) ;
SDR 82 TDI (0029200000001070000001) TDO (0000000000000000000001) ;
SDR 82 TDI (0029240000000000000001) TDO (0000000000000000000001) ;
SDR 82 TDI (0029280000000000000001) TDO (0000000000000000000001) ;
SDR 82 TDI (00292c0000000000000001) TDO (0000000000000000000001) ;
SDR 82 TDI (0029300000000000000001) TDO (0000000000000000000001) ;
SDR 82 TDI (0029400400001870000001) TDO (0000000000000000000001) ;
SDR 82 TDI (0029440000000000000001) TDO (0000000000000000000001) ;
SDR 82 TDI (0029480000000000000001) TDO (0000000000000000000001) ;
SDR 82 TDI (00294c0000000000000001) TDO (0000000000000000000001) ;
SDR 82 TDI (0029500000000000000003) ;
RUNTEST 20000 TCK;
SDR 82 TDI (0029800000000000c00041) TDO (0000000000000000000001) MASK (0000000000000000000003) ;
SDR 82 TDI (0029840000000000040041) TDO (0000000000000000000001) MASK (0000000000000000000000) ;
SDR 82 TDI (0029880000000000080001) TDO (0000000000000000000001) ;
SDR 82 TDI (00298c0000000000000001) TDO (0000000000000000000001) ;
SDR 82 TDI (0029900000000000000001) TDO (0000000000000000000001) ;
SDR 82 TDI (0029a00000000000e00001) TDO (0000000000000000000001) ;
SDR 82 TDI (0029a40000000000000005) TDO (0000000000000000000001) ;
SDR 82 TDI (0029a800000000000c0041) TDO (0000000000000000000001) ;
SDR 82 TDI (0029ac00000000000c0041) TDO (0000000000000000000001) ;
SDR 82 TDI (0029b000000000000c0001) TDO (0000000000000000000001) ;
SDR 82 TDI (0029c00800000000e00041) TDO (0000000000000000000001) ;
SDR 82 TDI (0029c40000400000000001) TDO (0000000000000000000001) ;
SDR 82 TDI (0029c80000000000000061) TDO (0000000000000000000001) ;
SDR 82 TDI (0029cc0000000000000021) TDO (0000000000000000000001) ;
SDR 82 TDI (0029d00000000000000003) ;
RUNTEST 20000 TCK;
SDR 82 TDI (002a000000000000000001) TDO (0000000000000000000001) MASK (0000000000000000000003) ;
SDR 82 TDI (002a040000000000000001) TDO (0000000000000000000001) MASK (0000000000000000000000) ;
SDR 82 TDI (002a080000000000000001) TDO (0000000000000000000001) ;
SDR 82 TDI (002a0c0000000000000001) TDO (0000000000000000000001) ;
SDR 82 TDI (002a100000000000000001) TDO (0000000000000000000001) ;
SDR 82 TDI (002a200000000000000021) TDO (0000000000000000000001) ;
SDR 82 TDI (002a240000000000000001) TDO (0000000000000000000001) ;
SDR 82 TDI (002a280000000000000001) TDO (0000000000000000000001) ;
SDR 82 TDI (002a2c0000000000000001) TDO (0000000000000000000001) ;
SDR 82 TDI (002a300000000000000001) TDO (0000000000000000000001) ;
SDR 82 TDI (002a400000000000000001) TDO (0000000000000000000001) ;
SDR 82 TDI (002a440000000000000001) TDO (0000000000000000000001) ;
SDR 82 TDI (002a480000000000000001) TDO (0000000000000000000001) ;
SDR 82 TDI (002a4c0000000000040001) TDO (0000000000000000000001) ;
SDR 82 TDI (002a500000000000000003) ;
RUNTEST 20000 TCK;
SDR 82 TDI (002a800000000000001001) TDO (0000000000000000000001) MASK (0000000000000000000003) ;
SDR 82 TDI (002a840000000000000001) TDO (0000000000000000000001) MASK (0000000000000000000000) ;
SDR 82 TDI (002a880000000000000001) TDO (0000000000000000000001) ;
SDR 82 TDI (002a8c0000000000000001) TDO (0000000000000000000001) ;
SDR 82 TDI (002a900000000000000001) TDO (0000000000000000000001) ;
SDR 82 TDI (002aa00000000000000001) TDO (0000000000000000000001) ;
SDR 82 TDI (002aa40000000000000001) TDO (0000000000000000000001) ;
SDR 82 TDI (002aa80000400000000001) TDO (0000000000000000000001) ;
SDR 82 TDI (002aac0000000000100001) TDO (0000000000000000000001) ;
SDR 82 TDI (002ab00000000000000001) TDO (0000000000000000000001) ;
SDR 82 TDI (002ac00000000000000001) TDO (0000000000000000000001) ;
SDR 82 TDI (002ac40000000000000001) TDO (0000000000000000000001) ;
SDR 82 TDI (002ac80000000000002001) TDO (0000000000000000000001) ;
SDR 82 TDI (002acc0000000000000001) TDO (0000000000000000000001) ;
SDR 82 TDI (002ad00000000000000003) ;
RUNTEST 20000 TCK;
SDR 82 TDI (002b000000000000000001) TDO (0000000000000000000001) MASK (0000000000000000000003) ;
SDR 82 TDI (002b040008000000000001) TDO (0000000000000000000001) MASK (0000000000000000000000) ;
SDR 82 TDI (002b080000000000000001) TDO (0000000000000000000001) ;
SDR 82 TDI (002b0c0000000000000001) TDO (0000000000000000000001) ;
SDR 82 TDI (002b100084000000000001) TDO (0000000000000000000001) ;
SDR 82 TDI (002b200000000000000001) TDO (0000000000000000000001) ;
SDR 82 TDI (002b240000000000000001) TDO (0000000000000000000001) ;
SDR 82 TDI (002b280000000000000001) TDO (0000000000000000000001) ;
SDR 82 TDI (002b2c0000000000000001) TDO (0000000000000000000001) ;
SDR 82 TDI (002b300400000000000001) TDO (0000000000000000000001) ;
SDR 82 TDI (002b400000000000000021) TDO (0000000000000000000001) ;
SDR 82 TDI (002b440000000000000001) TDO (0000000000000000000001) ;
SDR 82 TDI (002b480008000080000001) TDO (0000000000000000000001) ;
SDR 82 TDI (002b4c0040000000000001) TDO (0000000000000000000001) ;
SDR 82 TDI (002b500080000000000003) ;
RUNTEST 20000 TCK;
SDR 82 TDI (002b800000000000000001) TDO (0000000000000000000001) MASK (0000000000000000000003) ;
SDR 82 TDI (002b840000000000000001) TDO (0000000000000000000001) MASK (0000000000000000000000) ;
SDR 82 TDI (002b880000000000000001) TDO (0000000000000000000001) ;
SDR 82 TDI (002b8c0000000000000001) TDO (0000000000000000000001) ;
SDR 82 TDI (002b900000000000000001) TDO (0000000000000000000001) ;
SDR 82 TDI (002ba00000000000000001) TDO (0000000000000000000001) ;
SDR 82 TDI (002ba40000000000000001) TDO (0000000000000000000001) ;
SDR 82 TDI (002ba80800000000000001) TDO (0000000000000000000001) ;
SDR 82 TDI (002bac0000000000000001) TDO (0000000000000000000001) ;
SDR 82 TDI (002bb00000000000000001) TDO (0000000000000000000001) ;
SDR 82 TDI (002bc00000000000000001) TDO (0000000000000000000001) ;
SDR 82 TDI (002bc40000000000000001) TDO (0000000000000000000001) ;
SDR 82 TDI (002bc80000000000000001) TDO (0000000000000000000001) ;
SDR 82 TDI (002bcc0000000000000001) TDO (0000000000000000000001) ;
SDR 82 TDI (002bd00000000000000003) ;
RUNTEST 20000 TCK;
SDR 82 TDI (002c000000008800000001) TDO (0000000000000000000001) MASK (0000000000000000000003) ;
SDR 82 TDI (002c04000000c400000001) TDO (0000000000000000000001) MASK (0000000000000000000000) ;
SDR 82 TDI (002c08000000cc00000001) TDO (0000000000000000000001) ;
SDR 82 TDI (002c0c000000c400000001) TDO (0000000000000000000001) ;
SDR 82 TDI (002c10000000c400040001) TDO (0000000000000000000001) ;
SDR 82 TDI (002c200000000000000001) TDO (0000000000000000000001) ;
SDR 82 TDI (002c24000000e000100401) TDO (0000000000000000000001) ;
SDR 82 TDI (002c28000000e000000001) TDO (0000000000000000000001) ;
SDR 82 TDI (002c2c000000e000000001) TDO (0000000000000000000001) ;
SDR 82 TDI (002c30000000e000000001) TDO (0000000000000000000001) ;
SDR 82 TDI (002c40000000a000000001) TDO (0000000000000000000001) ;
SDR 82 TDI (002c44000000e000080001) TDO (0000000000000000000001) ;
SDR 82 TDI (002c48000000e000080001) TDO (0000000000000000000001) ;
SDR 82 TDI (002c4c000000e000040001) TDO (0000000000000000000001) ;
SDR 82 TDI (002c500000006080000003) ;
RUNTEST 20000 TCK;
SDR 82 TDI (002c800000004400000001) TDO (0000000000000000000001) MASK (0000000000000000000003) ;
SDR 82 TDI (002c840000000800100001) TDO (0000000000000000000001) MASK (0000000000000000000000) ;
SDR 82 TDI (002c880000000000000001) TDO (0000000000000000000001) ;
SDR 82 TDI (002c8c0000000000000001) TDO (0000000000000000000001) ;
SDR 82 TDI (002c900000000000000001) TDO (0000000000000000000001) ;
SDR 82 TDI (002ca0000000e000000401) TDO (0000000000000000000001) ;
SDR 82 TDI (002ca40000000000000001) TDO (0000000000000000000001) ;
SDR 82 TDI (002ca80000000000000001) TDO (0000000000000000000001) ;
SDR 82 TDI (002cac0000000000000001) TDO (0000000000000000000001) ;
SDR 82 TDI (002cb00000000000000021) TDO (0000000000000000000001) ;
SDR 82 TDI (002cc00000004000000001) TDO (0000000000000000000001) ;
SDR 82 TDI (002cc40000000000000001) TDO (0000000000000000000001) ;
SDR 82 TDI (002cc80000000000000001) TDO (0000000000000000000001) ;
SDR 82 TDI (002ccc0000000080000001) TDO (0000000000000000000001) ;
SDR 82 TDI (002cd000000000000c0003) ;
RUNTEST 20000 TCK;
SDR 82 TDI (002d000000000000000001) TDO (0000000000000000000001) MASK (0000000000000000000003) ;
SDR 82 TDI (002d040000000000000001) TDO (0000000000000000000001) MASK (0000000000000000000000) ;
SDR 82 TDI (002d080000008800000001) TDO (0000000000000000000001) ;
SDR 82 TDI (002d0c0000000000000001) TDO (0000000000000000000001) ;
SDR 82 TDI (002d10000000c000000001) TDO (0000000000000000000001) ;
SDR 82 TDI (002d200000000000000001) TDO (0000000000000000000001) ;
SDR 82 TDI (002d240000000000000001) TDO (0000000000000000000001) ;
SDR 82 TDI (002d280000000080000041) TDO (0000000000000000000001) ;
SDR 82 TDI (002d2c0000002000000001) TDO (0000000000000000000001) ;
SDR 82 TDI (002d300000002000000001) TDO (0000000000000000000001) ;
SDR 82 TDI (002d400000000000000001) TDO (0000000000000000000001) ;
SDR 82 TDI (002d440000000000000001) TDO (0000000000000000000001) ;
SDR 82 TDI (002d480000000000000001) TDO (0000000000000000000001) ;
SDR 82 TDI (002d4c0000008000000001) TDO (0000000000000000000001) ;
SDR 82 TDI (002d500000002000000003) ;
RUNTEST 20000 TCK;
SDR 82 TDI (002d800000200000000001) TDO (0000000000000000000001) MASK (0000000000000000000003) ;
SDR 82 TDI (002d840000200000000001) TDO (0000000000000000000001) MASK (0000000000000000000000) ;
SDR 82 TDI (002d880000200000000001) TDO (0000000000000000000001) ;
SDR 82 TDI (002d8c0000000000000001) TDO (0000000000000000000001) ;
SDR 82 TDI (002d900000000000000001) TDO (0000000000000000000001) ;
SDR 82 TDI (002da00000000000000001) TDO (0000000000000000000001) ;
SDR 82 TDI (002da40000200000000001) TDO (0000000000000000000001) ;
SDR 82 TDI (002da80000000000000001) TDO (0000000000000000000001) ;
SDR 82 TDI (002dac0000000000000001) TDO (0000000000000000000001) ;
SDR 82 TDI (002db00000000000000001) TDO (0000000000000000000001) ;
SDR 82 TDI (002dc00000000000000001) TDO (0000000000000000000001) ;
SDR 82 TDI (002dc40000000000000001) TDO (0000000000000000000001) ;
SDR 82 TDI (002dc80000002000000001) TDO (0000000000000000000001) ;
SDR 82 TDI (002dcc0000000000000001) TDO (0000000000000000000001) ;
SDR 82 TDI (002dd00000000000000003) ;
RUNTEST 20000 TCK;
SDR 82 TDI (002e000000000000340005) TDO (0000000000000000000001) MASK (0000000000000000000003) ;
SDR 82 TDI (002e040008000000000001) TDO (0000000000000000000001) MASK (0000000000000000000000) ;
SDR 82 TDI (002e080000000000040041) TDO (0000000000000000000001) ;
SDR 82 TDI (002e0c0000000000080001) TDO (0000000000000000000001) ;
SDR 82 TDI (002e100084000000040001) TDO (0000000000000000000001) ;
SDR 82 TDI (002e200000000000100001) TDO (0000000000000000000001) ;
SDR 82 TDI (002e240000000000000001) TDO (0000000000000000000001) ;
SDR 82 TDI (002e280000000000000031) TDO (0000000000000000000001) ;
SDR 82 TDI (002e2c0000000000000031) TDO (0000000000000000000001) ;
SDR 82 TDI (002e300400000000000041) TDO (0000000000000000000001) ;
SDR 82 TDI (002e400000000000140001) TDO (0000000000000000000001) ;
SDR 82 TDI (002e440000000000080005) TDO (0000000000000000000001) ;
SDR 82 TDI (002e4800080000000c0011) TDO (0000000000000000000001) ;
SDR 82 TDI (002e4c00408000000c0051) TDO (0000000000000000000001) ;
SDR 82 TDI (002e5000800000000c0023) ;
RUNTEST 20000 TCK;
SDR 82 TDI (002e8000003c0000088801) TDO (0000000000000000000001) MASK (0000000000000000000003) ;
SDR 82 TDI (002e840000200000007001) TDO (0000000000000000000001) MASK (0000000000000000000000) ;
SDR 82 TDI (002e880000300080000001) TDO (0000000000000000000001) ;
SDR 82 TDI (002e8c0000c00020040041) TDO (0000000000000000000001) ;
SDR 82 TDI (002e900000000000080001) TDO (0000000000000000000001) ;
SDR 82 TDI (002ea00000040030000801) TDO (0000000000000000000001) ;
SDR 82 TDI (002ea40000000000005401) TDO (0000000000000000000001) ;
SDR 82 TDI (002ea80000000000000001) TDO (0000000000000000000001) ;
SDR 82 TDI (002eac0000000000000001) TDO (0000000000000000000001) ;
SDR 82 TDI (002eb00000000004000031) TDO (0000000000000000000001) ;
SDR 82 TDI (002ec000000400a0080401) TDO (0000000000000000000001) ;
SDR 82 TDI (002ec40800000080007001) TDO (0000000000000000000001) ;
SDR 82 TDI (002ec80000000088000005) TDO (0000000000000000000001) ;
SDR 82 TDI (002ecc0000000090000001) TDO (0000000000000000000001) ;
SDR 82 TDI (002ed00000000080000053) ;
RUNTEST 20000 TCK;
SDR 82 TDI (002f000000000000140001) TDO (0000000000000000000001) MASK (0000000000000000000003) ;
SDR 82 TDI (002f040000000000000001) TDO (0000000000000000000001) MASK (0000000000000000000000) ;
SDR 82 TDI (002f080000000000040001) TDO (0000000000000000000001) ;
SDR 82 TDI (002f0c0000000000080001) TDO (0000000000000000000001) ;
SDR 82 TDI (002f100000000000040001) TDO (0000000000000000000001) ;
SDR 82 TDI (002f200000004000100001) TDO (0000000000000000000001) ;
SDR 82 TDI (002f240000000000000001) TDO (0000000000000000000001) ;
SDR 82 TDI (002f280000000000000001) TDO (0000000000000000000001) ;
SDR 82 TDI (002f2c0000000000000001) TDO (0000000000000000000001) ;
SDR 82 TDI (002f300000000000000001) TDO (0000000000000000000001) ;
SDR 82 TDI (002f400000000000040001) TDO (0000000000000000000001) ;
SDR 82 TDI (002f440000000000080001) TDO (0000000000000000000001) ;
SDR 82 TDI (002f4800000000000c0001) TDO (0000000000000000000001) ;
SDR 82 TDI (002f4c00000000000c0001) TDO (0000000000000000000001) ;
SDR 82 TDI (002f5000000000000c0003) ;
RUNTEST 20000 TCK;
SDR 82 TDI (002f8000001c0010c84001) TDO (0000000000000000000001) MASK (0000000000000000000003) ;
SDR 82 TDI (002f840c00001010040001) TDO (0000000000000000000001) MASK (0000000000000000000000) ;
SDR 82 TDI (002f880000000000082001) TDO (0000000000000000000001) ;
SDR 82 TDI (002f8c0000000000040001) TDO (0000000000000000000001) ;
SDR 82 TDI (002f900000000000080001) TDO (0000000000000000000001) ;
SDR 82 TDI (002fa00000040080e00071) TDO (0000000000000000000001) ;
SDR 82 TDI (002fa40000000000000001) TDO (0000000000000000000001) ;
SDR 82 TDI (002fa800000000000c0001) TDO (0000000000000000000001) ;
SDR 82 TDI (002fac00000000000c0001) TDO (0000000000000000000001) ;
SDR 82 TDI (002fb000000000000c0001) TDO (0000000000000000000001) ;
SDR 82 TDI (002fc00000040000e80035) TDO (0000000000000000000001) ;
SDR 82 TDI (002fc40400000000000001) TDO (0000000000000000000001) ;
SDR 82 TDI (002fc80000000000000001) TDO (0000000000000000000001) ;
SDR 82 TDI (002fcc0000000000000001) TDO (0000000000000000000001) ;
SDR 82 TDI (002fd00000000000000003) ;
RUNTEST 20000 TCK;
SDR 82 TDI (0030000000000000000001) TDO (0000000000000000000001) MASK (0000000000000000000003) ;
SDR 82 TDI (0030040000000000000001) TDO (0000000000000000000001) MASK (0000000000000000000000) ;
SDR 82 TDI (0030080c00008800000001) TDO (0000000000000000000001) ;
SDR 82 TDI (00300c0000000000000001) TDO (0000000000000000000001) ;
SDR 82 TDI (0030100c0000c000000001) TDO (0000000000000000000001) ;
SDR 82 TDI (0030200400000000000001) TDO (0000000000000000000001) ;
SDR 82 TDI (0030240400000000000001) TDO (0000000000000000000001) ;
SDR 82 TDI (0030280c00000000000001) TDO (0000000000000000000001) ;
SDR 82 TDI (00302c0c00002000000001) TDO (0000000000000000000001) ;
SDR 82 TDI (0030300c00000000000001) TDO (0000000000000000000001) ;
SDR 82 TDI (0030400000000000000001) TDO (0000000000000000000001) ;
SDR 82 TDI (0030440800000000000001) TDO (0000000000000000000001) ;
SDR 82 TDI (0030480c00000000000021) TDO (0000000000000000000001) ;
SDR 82 TDI (00304c080000a000000001) TDO (0000000000000000000001) ;
SDR 82 TDI (0030500000002000000003) ;
RUNTEST 20000 TCK;
SDR 82 TDI (0030800000000000000001) TDO (0000000000000000000001) MASK (0000000000000000000003) ;
SDR 82 TDI (0030840000000000480001) TDO (0000000000000000000001) MASK (0000000000000000000000) ;
SDR 82 TDI (0030880000000000000001) TDO (0000000000000000000001) ;
SDR 82 TDI (00308c0000000000000001) TDO (0000000000000000000001) ;
SDR 82 TDI (0030900000000000000001) TDO (0000000000000000000001) ;
SDR 82 TDI (0030a00000000000000001) TDO (0000000000000000000001) ;
SDR 82 TDI (0030a40000000000200001) TDO (0000000000000000000001) ;
SDR 82 TDI (0030a80000000000000001) TDO (0000000000000000000001) ;
SDR 82 TDI (0030ac0000000000000001) TDO (0000000000000000000001) ;
SDR 82 TDI (0030b00000000000000001) TDO (0000000000000000000001) ;
SDR 82 TDI (0030c00000200000000001) TDO (0000000000000000000001) ;
SDR 82 TDI (0030c40000000004d00001) TDO (0000000000000000000001) ;
SDR 82 TDI (0030c80000000000000001) TDO (0000000000000000000001) ;
SDR 82 TDI (0030cc0000000000000001) TDO (0000000000000000000001) ;
SDR 82 TDI (0030d00400000000000003) ;
RUNTEST 20000 TCK;
SDR 82 TDI (0031000000000000000001) TDO (0000000000000000000001) MASK (0000000000000000000003) ;
SDR 82 TDI (0031040010000000000001) TDO (0000000000000000000001) MASK (0000000000000000000000) ;
SDR 82 TDI (0031080000000000000001) TDO (0000000000000000000001) ;
SDR 82 TDI (00310c0000000000000001) TDO (0000000000000000000001) ;
SDR 82 TDI (0031100000000000000001) TDO (0000000000000000000001) ;
SDR 82 TDI (0031200000000000080001) TDO (0000000000000000000001) ;
SDR 82 TDI (0031240000000000000001) TDO (0000000000000000000001) ;
SDR 82 TDI (0031280000000000000001) TDO (0000000000000000000001) ;
SDR 82 TDI (00312c0000000000000001) TDO (0000000000000000000001) ;
SDR 82 TDI (0031300000000000000001) TDO (0000000000000000000001) ;
SDR 82 TDI (0031400000000000000001) TDO (0000000000000000000001) ;
SDR 82 TDI (0031440000000000000001) TDO (0000000000000000000001) ;
SDR 82 TDI (0031480000000000000001) TDO (0000000000000000000001) ;
SDR 82 TDI (00314c0000000000000001) TDO (0000000000000000000001) ;
SDR 82 TDI (0031500000000000000003) ;
RUNTEST 20000 TCK;
SDR 82 TDI (0031800c00000000000045) TDO (0000000000000000000001) MASK (0000000000000000000003) ;
SDR 82 TDI (0031840000000000000041) TDO (0000000000000000000001) MASK (0000000000000000000000) ;
SDR 82 TDI (0031880000000000000041) TDO (0000000000000000000001) ;
SDR 82 TDI (00318c0000000000000041) TDO (0000000000000000000001) ;
SDR 82 TDI (0031900000000000000001) TDO (0000000000000000000001) ;
SDR 82 TDI (0031a00000000000000001) TDO (0000000000000000000001) ;
SDR 82 TDI (0031a40000000010000005) TDO (0000000000000000000001) ;
SDR 82 TDI (0031a80000000000000071) TDO (0000000000000000000001) ;
SDR 82 TDI (0031ac0000000000000071) TDO (0000000000000000000001) ;
SDR 82 TDI (0031b00000000000000071) TDO (0000000000000000000001) ;
SDR 82 TDI (0031c00400400000000041) TDO (0000000000000000000001) ;
SDR 82 TDI (0031c40000000000000005) TDO (0000000000000000000001) ;
SDR 82 TDI (0031c80000000000000075) TDO (0000000000000000000001) ;
SDR 82 TDI (0031cc0000000000000071) TDO (0000000000000000000001) ;
SDR 82 TDI (0031d00000000000000073) ;
RUNTEST 20000 TCK;
SDR 82 TDI (0032000004000000000001) TDO (0000000000000000000001) MASK (0000000000000000000003) ;
SDR 82 TDI (003204000c000000000001) TDO (0000000000000000000001) MASK (0000000000000000000000) ;
SDR 82 TDI (0032080804008800000001) TDO (0000000000000000000001) ;
SDR 82 TDI (00320c0004000000000001) TDO (0000000000000000000001) ;
SDR 82 TDI (003210088400c000000001) TDO (0000000000000000000001) ;
SDR 82 TDI (0032200004000080000001) TDO (0000000000000000000001) ;
SDR 82 TDI (0032240004000000000001) TDO (0000000000000000000001) ;
SDR 82 TDI (0032280800000000000001) TDO (0000000000000000000001) ;
SDR 82 TDI (00322c0800002000000001) TDO (0000000000000000000001) ;
SDR 82 TDI (0032300800000000040001) TDO (0000000000000000000001) ;
SDR 82 TDI (0032400004000000000001) TDO (0000000000000000000001) ;
SDR 82 TDI (0032440800000000000001) TDO (0000000000000000000001) ;
SDR 82 TDI (0032480808000000000001) TDO (0000000000000000000001) ;
SDR 82 TDI (00324c084000a000000001) TDO (0000000000000000000001) ;
SDR 82 TDI (0032500480002000000003) ;
RUNTEST 20000 TCK;
SDR 82 TDI (0032800000000000000001) TDO (0000000000000000000001) MASK (0000000000000000000003) ;
SDR 82 TDI (0032840000000000000001) TDO (0000000000000000000001) MASK (0000000000000000000000) ;
SDR 82 TDI (0032880000000000004001) TDO (0000000000000000000001) ;
SDR 82 TDI (00328c0000000000000001) TDO (0000000000000000000001) ;
SDR 82 TDI (0032900000000000000001) TDO (0000000000000000000001) ;
SDR 82 TDI (0032a00000000000004001) TDO (0000000000000000000001) ;
SDR 82 TDI (0032a40000000000000001) TDO (0000000000000000000001) ;
SDR 82 TDI (0032a80004000000000001) TDO (0000000000000000000001) ;
SDR 82 TDI (0032ac0400000000000001) TDO (0000000000000000000001) ;
SDR 82 TDI (0032b00000000000000001) TDO (0000000000000000000001) ;
SDR 82 TDI (0032c00000000000000001) TDO (0000000000000000000001) ;
SDR 82 TDI (0032c40000000000000001) TDO (0000000000000000000001) ;
SDR 82 TDI (0032c80000000000000001) TDO (0000000000000000000001) ;
SDR 82 TDI (0032cc0000400000000001) TDO (0000000000000000000001) ;
SDR 82 TDI (0032d00000000000000003) ;
RUNTEST 20000 TCK;
SDR 82 TDI (0033000000000000c00001) TDO (0000000000000000000001) MASK (0000000000000000000003) ;
SDR 82 TDI (0033040000000000040001) TDO (0000000000000000000001) MASK (0000000000000000000000) ;
SDR 82 TDI (0033080800208800080001) TDO (0000000000000000000001) ;
SDR 82 TDI (00330c0000000000000001) TDO (0000000000000000000001) ;
SDR 82 TDI (003310080000c000000001) TDO (0000000000000000000001) ;
SDR 82 TDI (0033200000000000e00001) TDO (0000000000000000000001) ;
SDR 82 TDI (0033240000000000000001) TDO (0000000000000000000001) ;
SDR 82 TDI (00332808000000000c0001) TDO (0000000000000000000001) ;
SDR 82 TDI (00332c08000020000c0001) TDO (0000000000000000000001) ;
SDR 82 TDI (00333008000020000c0001) TDO (0000000000000000000001) ;
SDR 82 TDI (0033400000000000e00001) TDO (0000000000000000000001) ;
SDR 82 TDI (0033440800000000000001) TDO (0000000000000000000001) ;
SDR 82 TDI (0033480800000000000001) TDO (0000000000000000000001) ;
SDR 82 TDI (00334c0800008000000001) TDO (0000000000000000000001) ;
SDR 82 TDI (0033500400002000000003) ;
RUNTEST 20000 TCK;
SDR 82 TDI (00338000003c0000000005) TDO (0000000000000000000001) MASK (0000000000000000000003) ;
SDR 82 TDI (0033840000200000000001) TDO (0000000000000000000001) MASK (0000000000000000000000) ;
SDR 82 TDI (0033880000100000000041) TDO (0000000000000000000001) ;
SDR 82 TDI (00338c0000000000000041) TDO (0000000000000000000001) ;
SDR 82 TDI (0033900000000000000001) TDO (0000000000000000000001) ;
SDR 82 TDI (0033a00400040000000001) TDO (0000000000000000000001) ;
SDR 82 TDI (0033a40000000000000001) TDO (0000000000000000000001) ;
SDR 82 TDI (0033a80000000000000031) TDO (0000000000000000000001) ;
SDR 82 TDI (0033ac0000000000000031) TDO (0000000000000000000001) ;
SDR 82 TDI (0033b00000000000000071) TDO (0000000000000000000001) ;
SDR 82 TDI (0033c00000040004000001) TDO (0000000000000000000001) ;
SDR 82 TDI (0033c40000002000000005) TDO (0000000000000000000001) ;
SDR 82 TDI (0033c80000000000000015) TDO (0000000000000000000001) ;
SDR 82 TDI (0033cc0000000000000051) TDO (0000000000000000000001) ;
SDR 82 TDI (0033d00000000000000073) ;
RUNTEST 20000 TCK;
SDR 82 TDI (0034000000000000100001) TDO (0000000000000000000001) MASK (0000000000000000000003) ;
SDR 82 TDI (0034040008000000040001) TDO (0000000000000000000001) MASK (0000000000000000000000) ;
SDR 82 TDI (00340800000000000c0001) TDO (0000000000000000000001) ;
SDR 82 TDI (00340c00000000000c0001) TDO (0000000000000000000001) ;
SDR 82 TDI (00341000840000000c0001) TDO (0000000000000000000001) ;
SDR 82 TDI (00342000000000001c0011) TDO (0000000000000000000001) ;
SDR 82 TDI (0034240000000000000001) TDO (0000000000000000000001) ;
SDR 82 TDI (00342800000000000c0001) TDO (0000000000000000000001) ;
SDR 82 TDI (00342c00000000000c0001) TDO (0000000000000000000001) ;
SDR 82 TDI (00343004000000000c0001) TDO (0000000000000000000001) ;
SDR 82 TDI (0034400000000000040001) TDO (0000000000000000000001) ;
SDR 82 TDI (0034440000000080080001) TDO (0000000000000000000001) ;
SDR 82 TDI (00344800080000000c0001) TDO (0000000000000000000001) ;
SDR 82 TDI (00344c00400000000c0001) TDO (0000000000000000000001) ;
SDR 82 TDI (00345000800000000c0003) ;
RUNTEST 20000 TCK;
SDR 82 TDI (0034800000003000000001) TDO (0000000000000000000001) MASK (0000000000000000000003) ;
SDR 82 TDI (0034840000000000000001) TDO (0000000000000000000001) MASK (0000000000000000000000) ;
SDR 82 TDI (0034880000000000000001) TDO (0000000000000000000001) ;
SDR 82 TDI (00348c0000000000000001) TDO (0000000000000000000001) ;
SDR 82 TDI (0034900000000000000001) TDO (0000000000000000000001) ;
SDR 82 TDI (0034a00000001000000001) TDO (0000000000000000000001) ;
SDR 82 TDI (0034a40000000000000001) TDO (0000000000000000000001) ;
SDR 82 TDI (0034a80000000000000001) TDO (0000000000000000000001) ;
SDR 82 TDI (0034ac0000000000000001) TDO (0000000000000000000001) ;
SDR 82 TDI (0034b00000000000000001) TDO (0000000000000000000001) ;
SDR 82 TDI (0034c00000001800000001) TDO (0000000000000000000001) ;
SDR 82 TDI (0034c40000000000000001) TDO (0000000000000000000001) ;
SDR 82 TDI (0034c80800200000000001) TDO (0000000000000000000001) ;
SDR 82 TDI (0034cc0000000000000001) TDO (0000000000000000000001) ;
SDR 82 TDI (0034d00000008000000003) ;
RUNTEST 20000 TCK;
SDR 82 TDI (0035000000000000000001) TDO (0000000000000000000001) MASK (0000000000000000000003) ;
SDR 82 TDI (0035040008000000000001) TDO (0000000000000000000001) MASK (0000000000000000000000) ;
SDR 82 TDI (0035080000000000000001) TDO (0000000000000000000001) ;
SDR 82 TDI (00350c0000000000200001) TDO (0000000000000000000001) ;
SDR 82 TDI (0035100084000000000001) TDO (0000000000000000000001) ;
SDR 82 TDI (0035200000000000000001) TDO (0000000000000000000001) ;
SDR 82 TDI (0035240000000000000001) TDO (0000000000000000000001) ;
SDR 82 TDI (0035280000000000000001) TDO (0000000000000000000001) ;
SDR 82 TDI (00352c0000000000000001) TDO (0000000000000000000001) ;
SDR 82 TDI (0035300400000000000001) TDO (0000000000000000000001) ;
SDR 82 TDI (0035400000000000000001) TDO (0000000000000000000001) ;
SDR 82 TDI (0035440000000000000001) TDO (0000000000000000000001) ;
SDR 82 TDI (0035480008000000000001) TDO (0000000000000000000001) ;
SDR 82 TDI (00354c0040000000100001) TDO (0000000000000000000001) ;
SDR 82 TDI (0035500080000000000003) ;
RUNTEST 20000 TCK;
SDR 82 TDI (00358000000030c01c0005) TDO (0000000000000000000001) MASK (0000000000000000000003) ;
SDR 82 TDI (0035840000000000004001) TDO (0000000000000000000001) MASK (0000000000000000000000) ;
SDR 82 TDI (0035880000000080040041) TDO (0000000000000000000001) ;
SDR 82 TDI (00358c00000000000c0041) TDO (0000000000000000000001) ;
SDR 82 TDI (00359000000000000c0001) TDO (0000000000000000000001) ;
SDR 82 TDI (0035a00000001070100001) TDO (0000000000000000000001) ;
SDR 82 TDI (0035a40000000080000001) TDO (0000000000000000000001) ;
SDR 82 TDI (0035a80000000080000031) TDO (0000000000000000000001) ;
SDR 82 TDI (0035ac0800000080000031) TDO (0000000000000000000001) ;
SDR 82 TDI (0035b00000000084000071) TDO (0000000000000000000001) ;
SDR 82 TDI (0035c000000018e00c0001) TDO (0000000000000000000001) ;
SDR 82 TDI (0035c40000000080080005) TDO (0000000000000000000001) ;
SDR 82 TDI (0035c800000000880c0015) TDO (0000000000000000000001) ;
SDR 82 TDI (0035cc00002000800c0051) TDO (0000000000000000000001) ;
SDR 82 TDI (0035d000000080800c0073) ;
RUNTEST 20000 TCK;
SDR 82 TDI (0035d000000080800c0071) TDO (0000000000000000000001) MASK (0000000000000000000003) ;
//Loading device with 'ispen' instruction.
SIR 8 TDI (e8) ;
SDR 6 TDI (05) SMASK (3f) ;
// Loading device with a 'fvfy' instruction. 
SIR 8 TDI (ee) ;
SDR 82 TDI (000000008c000020140007) SMASK (03ffffffffffffffffffff) ;
RUNTEST 1 TCK;
SDR 82 TDI (000004008c000000008803) TDO (000000008c000020140005) MASK (03ffffffffffffffffffff) ;
RUNTEST 1 TCK;
SDR 82 TDI (0000080c8400008004f043) TDO (000004008c000000008801) ;
RUNTEST 1 TCK;
SDR 82 TDI (00000c0084000000880003) TDO (0000080c8400008004f041) ;
RUNTEST 1 TCK;
SDR 82 TDI (0000100c84000000040003) TDO (00000c0084000000880001) ;
RUNTEST 1 TCK;
SDR 82 TDI (0000200484000020100003) TDO (0000100c84000000040001) ;
RUNTEST 1 TCK;
SDR 82 TDI (000024048400040000a803) TDO (0000200484000020100001) ;
RUNTEST 1 TCK;
SDR 82 TDI (0000280c0400000000d033) TDO (000024048400040000a801) ;
RUNTEST 1 TCK;
SDR 82 TDI (00002c0c000000008c0033) TDO (0000280c0400000000d031) ;
RUNTEST 1 TCK;
SDR 82 TDI (0000300c000000000c0043) TDO (00002c0c000000008c0031) ;
RUNTEST 1 TCK;
SDR 82 TDI (00004000c8000030040003) TDO (0000300c000000000c0041) ;
RUNTEST 1 TCK;
SDR 82 TDI (00004408c8000080088c07) TDO (00004000c8000030040001) ;
RUNTEST 1 TCK;
SDR 82 TDI (0000480cc80000800cf013) TDO (00004408c8000080088c05) ;
RUNTEST 1 TCK;
SDR 82 TDI (00004c08c0000080cc0053) TDO (0000480cc80000800cf011) ;
RUNTEST 1 TCK;
SDR 82 TDI (00005004c00000800c8023) TDO (00004c08c0000080cc0051) ;
RUNTEST 1 TCK;
SDR 82 TDI (0000800000000000080003) TDO (00005004c00000800c8021) ;
RUNTEST 1 TCK;
SDR 82 TDI (0000840000000000040003) TDO (0000800000000000080001) ;
RUNTEST 1 TCK;
SDR 82 TDI (0000880000000000080003) TDO (0000840000000000040001) ;
RUNTEST 1 TCK;
SDR 82 TDI (00008c0000000000440003) TDO (0000880000000000080001) ;
RUNTEST 1 TCK;
SDR 82 TDI (0000900000000000080003) TDO (00008c0000000000440001) ;
RUNTEST 1 TCK;
SDR 82 TDI (0000a00800000000002003) TDO (0000900000000000080001) ;
RUNTEST 1 TCK;
SDR 82 TDI (0000a40800000000000003) TDO (0000a00800000000002001) ;
RUNTEST 1 TCK;
SDR 82 TDI (0000a800000000000c0003) TDO (0000a40800000000000001) ;
RUNTEST 1 TCK;
SDR 82 TDI (0000ac0000800000600003) TDO (0000a800000000000c0001) ;
RUNTEST 1 TCK;
SDR 82 TDI (0000b00000000000000003) TDO (0000ac0000800000600001) ;
RUNTEST 1 TCK;
SDR 82 TDI (0000c00000000400080003) TDO (0000b00000000000000001) ;
RUNTEST 1 TCK;
SDR 82 TDI (0000c40000000000000003) TDO (0000c00000000400080001) ;
RUNTEST 1 TCK;
SDR 82 TDI (0000c80000000000000003) TDO (0000c40000000000000001) ;
RUNTEST 1 TCK;
SDR 82 TDI (0000cc0000000000200003) TDO (0000c80000000000000001) ;
RUNTEST 1 TCK;
SDR 82 TDI (0000d00000000000000003) TDO (0000cc0000000000200001) ;
RUNTEST 1 TCK;
SDR 82 TDI (0001000000dc0000ec8903) TDO (0000d00000000000000001) ;
RUNTEST 1 TCK;
SDR 82 TDI (0001040008000000007103) TDO (0001000000dc0000ec8901) ;
RUNTEST 1 TCK;
SDR 82 TDI (0001080000000000000003) TDO (0001040008000000007101) ;
RUNTEST 1 TCK;
SDR 82 TDI (00010c0000000000000003) TDO (0001080000000000000001) ;
RUNTEST 1 TCK;
SDR 82 TDI (0001100084000000000003) TDO (00010c0000000000000001) ;
RUNTEST 1 TCK;
SDR 82 TDI (00012000000c0000e00c03) TDO (0001100084000000000001) ;
RUNTEST 1 TCK;
SDR 82 TDI (0001240000000000005403) TDO (00012000000c0000e00c01) ;
RUNTEST 1 TCK;
SDR 82 TDI (0001280000000000000003) TDO (0001240000000000005401) ;
RUNTEST 1 TCK;
SDR 82 TDI (00012c0000000000000003) TDO (0001280000000000000001) ;
RUNTEST 1 TCK;
SDR 82 TDI (0001300000000000000003) TDO (00012c0000000000000001) ;
RUNTEST 1 TCK;
SDR 82 TDI (0001408004840000f80403) TDO (0001300000000000000001) ;
RUNTEST 1 TCK;
SDR 82 TDI (0001440000000000007003) TDO (0001408004840000f80401) ;
RUNTEST 1 TCK;
SDR 82 TDI (0001480008000000000003) TDO (0001440000000000007001) ;
RUNTEST 1 TCK;
SDR 82 TDI (00014c0040000000000003) TDO (0001480008000000000001) ;
RUNTEST 1 TCK;
SDR 82 TDI (0001500080000000000003) TDO (00014c0040000000000001) ;
RUNTEST 1 TCK;
SDR 82 TDI (0001800000000008000003) TDO (0001500080000000000001) ;
RUNTEST 1 TCK;
SDR 82 TDI (0001840000000000008803) TDO (0001800000000008000001) ;
RUNTEST 1 TCK;
SDR 82 TDI (000188000000000000f003) TDO (0001840000000000008801) ;
RUNTEST 1 TCK;
SDR 82 TDI (00018c0000000000000403) TDO (000188000000000000f001) ;
RUNTEST 1 TCK;
SDR 82 TDI (0001900000000000000003) TDO (00018c0000000000000401) ;
RUNTEST 1 TCK;
SDR 82 TDI (0001a00000000000002003) TDO (0001900000000000000001) ;
RUNTEST 1 TCK;
SDR 82 TDI (0001a4000000040400a843) TDO (0001a00000000000002001) ;
RUNTEST 1 TCK;
SDR 82 TDI (0001a8100000000000d003) TDO (0001a4000000040400a841) ;
RUNTEST 1 TCK;
SDR 82 TDI (0001ac0000000000000003) TDO (0001a8100000000000d001) ;
RUNTEST 1 TCK;
SDR 82 TDI (0001b00000000000000003) TDO (0001ac0000000000000001) ;
RUNTEST 1 TCK;
SDR 82 TDI (0001c00000000000000003) TDO (0001b00000000000000001) ;
RUNTEST 1 TCK;
SDR 82 TDI (0001c40000000000008c63) TDO (0001c00000000000000001) ;
RUNTEST 1 TCK;
SDR 82 TDI (0001c8000000000000f003) TDO (0001c40000000000008c61) ;
RUNTEST 1 TCK;
SDR 82 TDI (0001cc0000000000000003) TDO (0001c8000000000000f001) ;
RUNTEST 1 TCK;
SDR 82 TDI (0001d00000000000008003) TDO (0001cc0000000000000001) ;
RUNTEST 1 TCK;
SDR 82 TDI (0002000000000000007003) TDO (0001d00000000000008001) ;
RUNTEST 1 TCK;
SDR 82 TDI (0002040000008000000003) TDO (0002000000000000007001) ;
RUNTEST 1 TCK;
SDR 82 TDI (0002080000004000000003) TDO (0002040000008000000001) ;
RUNTEST 1 TCK;
SDR 82 TDI (00020c0000000000000003) TDO (0002080000004000000001) ;
RUNTEST 1 TCK;
SDR 82 TDI (0002100000000000000003) TDO (00020c0000000000000001) ;
RUNTEST 1 TCK;
SDR 82 TDI (000220000000000000d003) TDO (0002100000000000000001) ;
RUNTEST 1 TCK;
SDR 82 TDI (0002240020000000000003) TDO (000220000000000000d001) ;
RUNTEST 1 TCK;
SDR 82 TDI (0002280000002000000003) TDO (0002240020000000000001) ;
RUNTEST 1 TCK;
SDR 82 TDI (00022c0000004008000003) TDO (0002280000002000000001) ;
RUNTEST 1 TCK;
SDR 82 TDI (0002300000000000000003) TDO (00022c0000004008000001) ;
RUNTEST 1 TCK;
SDR 82 TDI (000240000000000000f803) TDO (0002300000000000000001) ;
RUNTEST 1 TCK;
SDR 82 TDI (0002440000000000000003) TDO (000240000000000000f801) ;
RUNTEST 1 TCK;
SDR 82 TDI (0002480000008000000003) TDO (0002440000000000000001) ;
RUNTEST 1 TCK;
SDR 82 TDI (00024c0000000000080003) TDO (0002480000008000000001) ;
RUNTEST 1 TCK;
SDR 82 TDI (0002500000004000000003) TDO (00024c0000000000080001) ;
RUNTEST 1 TCK;
SDR 82 TDI (0002800000000000000003) TDO (0002500000004000000001) ;
RUNTEST 1 TCK;
SDR 82 TDI (0002840000480000000003) TDO (0002800000000000000001) ;
RUNTEST 1 TCK;
SDR 82 TDI (0002880000000004000003) TDO (0002840000480000000001) ;
RUNTEST 1 TCK;
SDR 82 TDI (00028c000000c000000003) TDO (0002880000000004000001) ;
RUNTEST 1 TCK;
SDR 82 TDI (0002900000000400000003) TDO (00028c000000c000000001) ;
RUNTEST 1 TCK;
SDR 82 TDI (0002a00000000000000007) TDO (0002900000000400000001) ;
RUNTEST 1 TCK;
SDR 82 TDI (0002a40000002000000033) TDO (0002a00000000000000005) ;
RUNTEST 1 TCK;
SDR 82 TDI (0002a80000000000008003) TDO (0002a40000002000000031) ;
RUNTEST 1 TCK;
SDR 82 TDI (0002ac0000000000000003) TDO (0002a80000000000008001) ;
RUNTEST 1 TCK;
SDR 82 TDI (0002b0000000c000000003) TDO (0002ac0000000000000001) ;
RUNTEST 1 TCK;
SDR 82 TDI (0002c01000000000000003) TDO (0002b0000000c000000001) ;
RUNTEST 1 TCK;
SDR 82 TDI (0002c40000000000000013) TDO (0002c01000000000000001) ;
RUNTEST 1 TCK;
SDR 82 TDI (0002c80000000000000003) TDO (0002c40000000000000011) ;
RUNTEST 1 TCK;
SDR 82 TDI (0002cc0000000000000003) TDO (0002c80000000000000001) ;
RUNTEST 1 TCK;
SDR 82 TDI (0002d00000000000008003) TDO (0002cc0000000000000001) ;
RUNTEST 1 TCK;
SDR 82 TDI (0003001000000800008903) TDO (0002d00000000000008001) ;
RUNTEST 1 TCK;
SDR 82 TDI (0003040000000000007303) TDO (0003001000000800008901) ;
RUNTEST 1 TCK;
SDR 82 TDI (0003080000008000000003) TDO (0003040000000000007301) ;
RUNTEST 1 TCK;
SDR 82 TDI (00030ce000000000000703) TDO (0003080000008000000001) ;
RUNTEST 1 TCK;
SDR 82 TDI (000310000000c000000103) TDO (00030ce000000000000701) ;
RUNTEST 1 TCK;
SDR 82 TDI (0003200000000000000a03) TDO (000310000000c000000101) ;
RUNTEST 1 TCK;
SDR 82 TDI (0003240080000000005503) TDO (0003200000000000000a01) ;
RUNTEST 1 TCK;
SDR 82 TDI (0003280004000000000003) TDO (0003240080000000005501) ;
RUNTEST 1 TCK;
SDR 82 TDI (00032ce000002000000013) TDO (0003280004000000000001) ;
RUNTEST 1 TCK;
SDR 82 TDI (0003300000000000000003) TDO (00032ce000002000000011) ;
RUNTEST 1 TCK;
SDR 82 TDI (0003400004000000000403) TDO (0003300000000000000001) ;
RUNTEST 1 TCK;
SDR 82 TDI (0003440008000000007003) TDO (0003400004000000000401) ;
RUNTEST 1 TCK;
SDR 82 TDI (0003480048000000000003) TDO (0003440008000000007001) ;
RUNTEST 1 TCK;
SDR 82 TDI (00034c400000a000000003) TDO (0003480048000000000001) ;
RUNTEST 1 TCK;
SDR 82 TDI (0003500040002000000003) TDO (00034c400000a000000001) ;
RUNTEST 1 TCK;
SDR 82 TDI (0003800008000000000103) TDO (0003500040002000000001) ;
RUNTEST 1 TCK;
SDR 82 TDI (0003841004000008008a03) TDO (0003800008000000000101) ;
RUNTEST 1 TCK;
SDR 82 TDI (000388008000000000f303) TDO (0003841004000008008a01) ;
RUNTEST 1 TCK;
SDR 82 TDI (00038c0000000000040103) TDO (000388008000000000f301) ;
RUNTEST 1 TCK;
SDR 82 TDI (0003900000000000000103) TDO (00038c0000000000040101) ;
RUNTEST 1 TCK;
SDR 82 TDI (0003a00000000000002603) TDO (0003900000000000000101) ;
RUNTEST 1 TCK;
SDR 82 TDI (0003a4000080000000a803) TDO (0003a00000000000002601) ;
RUNTEST 1 TCK;
SDR 82 TDI (0003a8000000000400d103) TDO (0003a4000080000000a801) ;
RUNTEST 1 TCK;
SDR 82 TDI (0003ac0000000000000003) TDO (0003a8000000000400d101) ;
RUNTEST 1 TCK;
SDR 82 TDI (0003b00000000000000003) TDO (0003ac0000000000000001) ;
RUNTEST 1 TCK;
SDR 82 TDI (0003c00048000000000003) TDO (0003b00000000000000001) ;
RUNTEST 1 TCK;
SDR 82 TDI (0003c40000000000008c03) TDO (0003c00048000000000001) ;
RUNTEST 1 TCK;
SDR 82 TDI (0003c8008000000000f003) TDO (0003c40000000000008c01) ;
RUNTEST 1 TCK;
SDR 82 TDI (0003cc0000000000000003) TDO (0003c8008000000000f001) ;
RUNTEST 1 TCK;
SDR 82 TDI (0003d00000000000008003) TDO (0003cc0000000000000001) ;
RUNTEST 1 TCK;
SDR 82 TDI (0004000000000000000003) TDO (0003d00000000000008001) ;
RUNTEST 1 TCK;
SDR 82 TDI (0004040000000000000803) TDO (0004000000000000000001) ;
RUNTEST 1 TCK;
SDR 82 TDI (0004080000008800000003) TDO (0004040000000000000801) ;
RUNTEST 1 TCK;
SDR 82 TDI (00040c0000000000080003) TDO (0004080000008800000001) ;
RUNTEST 1 TCK;
SDR 82 TDI (000410000000c000000003) TDO (00040c0000000000080001) ;
RUNTEST 1 TCK;
SDR 82 TDI (0004200000000000000003) TDO (000410000000c000000001) ;
RUNTEST 1 TCK;
SDR 82 TDI (0004240000000000000003) TDO (0004200000000000000001) ;
RUNTEST 1 TCK;
SDR 82 TDI (0004280000000000000003) TDO (0004240000000000000001) ;
RUNTEST 1 TCK;
SDR 82 TDI (00042c0000002000000003) TDO (0004280000000000000001) ;
RUNTEST 1 TCK;
SDR 82 TDI (0004300000000000000003) TDO (00042c0000002000000001) ;
RUNTEST 1 TCK;
SDR 82 TDI (0004400000000000000003) TDO (0004300000000000000001) ;
RUNTEST 1 TCK;
SDR 82 TDI (0004440000000000000003) TDO (0004400000000000000001) ;
RUNTEST 1 TCK;
SDR 82 TDI (0004480000000000000003) TDO (0004440000000000000001) ;
RUNTEST 1 TCK;
SDR 82 TDI (00044c000000a000000003) TDO (0004480000000000000001) ;
RUNTEST 1 TCK;
SDR 82 TDI (0004500000002000000003) TDO (00044c000000a000000001) ;
RUNTEST 1 TCK;
SDR 82 TDI (0004800000000000000003) TDO (0004500000002000000001) ;
RUNTEST 1 TCK;
SDR 82 TDI (00048410009000c0000003) TDO (0004800000000000000001) ;
RUNTEST 1 TCK;
SDR 82 TDI (0004880000000000000003) TDO (00048410009000c0000001) ;
RUNTEST 1 TCK;
SDR 82 TDI (00048c0000000000000003) TDO (0004880000000000000001) ;
RUNTEST 1 TCK;
SDR 82 TDI (0004900000000000000003) TDO (00048c0000000000000001) ;
RUNTEST 1 TCK;
SDR 82 TDI (0004a01000000000000803) TDO (0004900000000000000001) ;
RUNTEST 1 TCK;
SDR 82 TDI (0004a40000000040000003) TDO (0004a01000000000000801) ;
RUNTEST 1 TCK;
SDR 82 TDI (0004a80000000000000003) TDO (0004a40000000040000001) ;
RUNTEST 1 TCK;
SDR 82 TDI (0004ac0000000000000003) TDO (0004a80000000000000001) ;
RUNTEST 1 TCK;
SDR 82 TDI (0004b00000000000000003) TDO (0004ac0000000000000001) ;
RUNTEST 1 TCK;
SDR 82 TDI (0004c00000000000000003) TDO (0004b00000000000000001) ;
RUNTEST 1 TCK;
SDR 82 TDI (0004c40000800040000003) TDO (0004c00000000000000001) ;
RUNTEST 1 TCK;
SDR 82 TDI (0004c80000000000000003) TDO (0004c40000800040000001) ;
RUNTEST 1 TCK;
SDR 82 TDI (0004cc0000000000000003) TDO (0004c80000000000000001) ;
RUNTEST 1 TCK;
SDR 82 TDI (0004d00000000000000003) TDO (0004cc0000000000000001) ;
RUNTEST 1 TCK;
SDR 82 TDI (0005000000e00020000043) TDO (0004d00000000000000001) ;
RUNTEST 1 TCK;
SDR 82 TDI (0005040008200008000003) TDO (0005000000e00020000041) ;
RUNTEST 1 TCK;
SDR 82 TDI (0005080800200088000003) TDO (0005040008200008000001) ;
RUNTEST 1 TCK;
SDR 82 TDI (00050c0000000004000003) TDO (0005080800200088000001) ;
RUNTEST 1 TCK;
SDR 82 TDI (0005100800000004000003) TDO (00050c0000000004000001) ;
RUNTEST 1 TCK;
SDR 82 TDI (0005200000000020000003) TDO (0005100800000004000001) ;
RUNTEST 1 TCK;
SDR 82 TDI (0005240080300000008003) TDO (0005200000000020000001) ;
RUNTEST 1 TCK;
SDR 82 TDI (0005280804c00004000003) TDO (0005240080300000008001) ;
RUNTEST 1 TCK;
SDR 82 TDI (00052c0800c00004000003) TDO (0005280804c00004000001) ;
RUNTEST 1 TCK;
SDR 82 TDI (0005300800000008000003) TDO (00052c0800c00004000001) ;
RUNTEST 1 TCK;
SDR 82 TDI (000540000c800030000003) TDO (0005300800000008000001) ;
RUNTEST 1 TCK;
SDR 82 TDI (0005440800100088008803) TDO (000540000c800030000001) ;
RUNTEST 1 TCK;
SDR 82 TDI (0005480840680084000003) TDO (0005440800100088008801) ;
RUNTEST 1 TCK;
SDR 82 TDI (00054c0800600084000003) TDO (0005480840680084000001) ;
RUNTEST 1 TCK;
SDR 82 TDI (0005500440000080000003) TDO (00054c0800600084000001) ;
RUNTEST 1 TCK;
SDR 82 TDI (00058000001c3008000003) TDO (0005500440000080000001) ;
RUNTEST 1 TCK;
SDR 82 TDI (0005840000000004000803) TDO (00058000001c3008000001) MASK (03fffcfcfcfcfcfcfcfcff) ;
RUNTEST 1 TCK;
SDR 82 TDI (0005880004000004000003) TDO (0005840000000004000801) MASK (03ffffffffffffffffffff) ;
RUNTEST 1 TCK;
SDR 82 TDI (00058c0080000000000003) TDO (0005880004000004000001) ;
RUNTEST 1 TCK;
SDR 82 TDI (0005900000000000080003) TDO (00058c0080000000000001) ;
RUNTEST 1 TCK;
SDR 82 TDI (0005a00000fc1014000003) TDO (0005900000000000080001) ;
RUNTEST 1 TCK;
SDR 82 TDI (0005a40400c00004000803) TDO (0005a00000fc1014000001) ;
RUNTEST 1 TCK;
SDR 82 TDI (0005a80000000008008003) TDO (0005a40400c00004000801) ;
RUNTEST 1 TCK;
SDR 82 TDI (0005ac0000000008000003) TDO (0005a80000000008008001) ;
RUNTEST 1 TCK;
SDR 82 TDI (0005b00000000004000003) TDO (0005ac0000000008000001) ;
RUNTEST 1 TCK;
SDR 82 TDI (0005c0000074188c000803) TDO (0005b00000000004000001) ;
RUNTEST 1 TCK;
SDR 82 TDI (0005c40048680004000003) TDO (0005c0000074188c000801) ;
RUNTEST 1 TCK;
SDR 82 TDI (0005c80000000008000003) TDO (0005c40048680004000001) ;
RUNTEST 1 TCK;
SDR 82 TDI (0005cc0080000000000003) TDO (0005c80000000008000001) ;
RUNTEST 1 TCK;
SDR 82 TDI (0005d00000008000008003) TDO (0005cc0080000000000001) ;
RUNTEST 1 TCK;
SDR 82 TDI (0006030303020303030103) TDO (0005d00000008000008001) ;
RUNTEST 1 TCK;
SDR 82 TDI (0006070203030203030303) TDO (0006030303020303030101) ;
RUNTEST 1 TCK;
SDR 82 TDI (00060b0303030203030303) TDO (0006070203030203030301) ;
RUNTEST 1 TCK;
SDR 82 TDI (00060f0303030203030003) TDO (00060b0303030203030301) ;
RUNTEST 1 TCK;
SDR 82 TDI (0006130303020303030203) TDO (00060f0303030203030001) ;
RUNTEST 1 TCK;
SDR 82 TDI (0006230303030203030003) TDO (0006130303020303030201) ;
RUNTEST 1 TCK;
SDR 82 TDI (0006270303030b03030003) TDO (0006230303030203030001) ;
RUNTEST 1 TCK;
SDR 82 TDI (00062b0103010303030103) TDO (0006270303030b03030001) ;
RUNTEST 1 TCK;
SDR 82 TDI (00062f0303030103030103) TDO (00062b0103010303030101) ;
RUNTEST 1 TCK;
SDR 82 TDI (0006300000000008000003) TDO (00062f0303030103030101) ;
RUNTEST 1 TCK;
SDR 82 TDI (0006400000000000000043) TDO (0006300000000008000001) ;
RUNTEST 1 TCK;
SDR 82 TDI (0006440000000000000003) TDO (0006400000000000000041) ;
RUNTEST 1 TCK;
SDR 82 TDI (0006480000000000000003) TDO (0006440000000000000001) ;
RUNTEST 1 TCK;
SDR 82 TDI (00064c0000000000000003) TDO (0006480000000000000001) ;
RUNTEST 1 TCK;
SDR 82 TDI (0006500000000000000003) TDO (00064c0000000000000001) ;
RUNTEST 1 TCK;
SDR 82 TDI (0006810271030202000103) TDO (0006500000000000000001) ;
RUNTEST 1 TCK;
SDR 82 TDI (0006840301000302100003) TDO (0006810271030202000101) ;
RUNTEST 1 TCK;
SDR 82 TDI (0006890201000303000003) TDO (0006840301000302100001) ;
RUNTEST 1 TCK;
SDR 82 TDI (00068d0203000307000203) TDO (0006890201000303000001) ;
RUNTEST 1 TCK;
SDR 82 TDI (0006900300000202000003) TDO (00068d0203000307000201) ;
RUNTEST 1 TCK;
SDR 82 TDI (0006a08078810303000203) TDO (0006900300000202000001) ;
RUNTEST 1 TCK;
SDR 82 TDI (0006a40103010203000203) TDO (0006a08078810303000201) ;
RUNTEST 1 TCK;
SDR 82 TDI (0006a80300030103000003) TDO (0006a40103010203000201) ;
RUNTEST 1 TCK;
SDR 82 TDI (0006ac0102010303000003) TDO (0006a80300030103000001) ;
RUNTEST 1 TCK;
SDR 82 TDI (0006b00000000000000003) TDO (0006ac0102010303000001) ;
RUNTEST 1 TCK;
SDR 82 TDI (0006c00030000080000003) TDO (0006b00000000000000001) ;
RUNTEST 1 TCK;
SDR 82 TDI (0006c40000000000042003) TDO (0006c00030000080000001) ;
RUNTEST 1 TCK;
SDR 82 TDI (0006c80000000000000003) TDO (0006c40000000000042001) ;
RUNTEST 1 TCK;
SDR 82 TDI (0006cc0000000000000003) TDO (0006c80000000000000001) ;
RUNTEST 1 TCK;
SDR 82 TDI (0006d00000000000000003) TDO (0006cc0000000000000001) ;
RUNTEST 1 TCK;
SDR 82 TDI (0007010303020302020103) TDO (0006d00000000000000001) ;
RUNTEST 1 TCK;
SDR 82 TDI (0007050203020a03030303) TDO (0007010303020302020101) ;
RUNTEST 1 TCK;
SDR 82 TDI (0007090203020203030303) TDO (0007050203020a03030301) ;
RUNTEST 1 TCK;
SDR 82 TDI (00070d0303030203030003) TDO (0007090203020203030301) ;
RUNTEST 1 TCK;
SDR 82 TDI (0007110202030303030203) TDO (00070d0303030203030001) ;
RUNTEST 1 TCK;
SDR 82 TDI (0007200303030202030203) TDO (0007110202030303030201) ;
RUNTEST 1 TCK;
SDR 82 TDI (0007250303030303030003) TDO (0007200303030202030201) ;
RUNTEST 1 TCK;
SDR 82 TDI (0007280103010303030103) TDO (0007250303030303030001) ;
RUNTEST 1 TCK;
SDR 82 TDI (00072c0303030103030103) TDO (0007280103010303030101) ;
RUNTEST 1 TCK;
SDR 82 TDI (0007300000000000000003) TDO (00072c0303030103030101) ;
RUNTEST 1 TCK;
SDR 82 TDI (0007400000000000000003) TDO (0007300000000000000001) ;
RUNTEST 1 TCK;
SDR 82 TDI (0007440000000000000003) TDO (0007400000000000000001) ;
RUNTEST 1 TCK;
SDR 82 TDI (0007480000000000000003) TDO (0007440000000000000001) ;
RUNTEST 1 TCK;
SDR 82 TDI (00074c0000000000000003) TDO (0007480000000000000001) ;
RUNTEST 1 TCK;
SDR 82 TDI (0007500000000000000003) TDO (00074c0000000000000001) ;
RUNTEST 1 TCK;
SDR 82 TDI (0007808000010001000003) TDO (0007500000000000000001) ;
RUNTEST 1 TCK;
SDR 82 TDI (0007840100010101001207) TDO (0007808000010001000001) ;
RUNTEST 1 TCK;
SDR 82 TDI (0007880000000100000203) TDO (0007840100010101001205) ;
RUNTEST 1 TCK;
SDR 82 TDI (00078c0000000100000203) TDO (0007880000000100000201) ;
RUNTEST 1 TCK;
SDR 82 TDI (0007900001010001000203) TDO (00078c0000000100000201) ;
RUNTEST 1 TCK;
SDR 82 TDI (0007a10000000105000203) TDO (0007900001010001000201) ;
RUNTEST 1 TCK;
SDR 82 TDI (0007a40000000000100003) TDO (0007a10000000105000201) ;
RUNTEST 1 TCK;
SDR 82 TDI (0007a80200020000000103) TDO (0007a40000000000100001) ;
RUNTEST 1 TCK;
SDR 82 TDI (0007ac0000000200000103) TDO (0007a80200020000000101) ;
RUNTEST 1 TCK;
SDR 82 TDI (0007b00000000000000003) TDO (0007ac0000000200000101) ;
RUNTEST 1 TCK;
SDR 82 TDI (0007c00000000008000003) TDO (0007b00000000000000001) ;
RUNTEST 1 TCK;
SDR 82 TDI (0007c40000000000000003) TDO (0007c00000000008000001) ;
RUNTEST 1 TCK;
SDR 82 TDI (0007c80000000000000003) TDO (0007c40000000000000001) ;
RUNTEST 1 TCK;
SDR 82 TDI (0007cc0000000000000003) TDO (0007c80000000000000001) ;
RUNTEST 1 TCK;
SDR 82 TDI (0007d00000000000000003) TDO (0007cc0000000000000001) ;
RUNTEST 1 TCK;
SDR 82 TDI (0008000102000100120007) TDO (0007d00000000000000001) ;
RUNTEST 1 TCK;
SDR 82 TDI (0008050000020001000203) TDO (0008000102000100120005) ;
RUNTEST 1 TCK;
SDR 82 TDI (0008080002020000020303) TDO (0008050000020001000201) ;
RUNTEST 1 TCK;
SDR 82 TDI (00080c0000032000420003) TDO (0008080002020000020301) ;
RUNTEST 1 TCK;
SDR 82 TDI (0008110102020101060203) TDO (00080c0000032000420001) ;
RUNTEST 1 TCK;
SDR 82 TDI (0008200303020000120003) TDO (0008110102020101060201) ;
RUNTEST 1 TCK;
SDR 82 TDI (0008240200020000030003) TDO (0008200303020000120001) ;
RUNTEST 1 TCK;
SDR 82 TDI (00082900020002000f0173) TDO (0008240200020000030001) ;
RUNTEST 1 TCK;
SDR 82 TDI (00082c0200021000c30143) TDO (00082900020002000f0171) ;
RUNTEST 1 TCK;
SDR 82 TDI (00083000000000000c0043) TDO (00082c0200021000c30141) ;
RUNTEST 1 TCK;
SDR 82 TDI (0008400000000000040003) TDO (00083000000000000c0041) ;
RUNTEST 1 TCK;
SDR 82 TDI (0008440000000000080003) TDO (0008400000000000040001) ;
RUNTEST 1 TCK;
SDR 82 TDI (00084800000000000c0033) TDO (0008440000000000080001) ;
RUNTEST 1 TCK;
SDR 82 TDI (00084c00000000008c0023) TDO (00084800000000000c0031) ;
RUNTEST 1 TCK;
SDR 82 TDI (00085000000000000c0023) TDO (00084c00000000008c0021) ;
RUNTEST 1 TCK;
SDR 82 TDI (00088100001d00010c0043) TDO (00085000000000000c0021) ;
RUNTEST 1 TCK;
SDR 82 TDI (0008840100000100040043) TDO (00088100001d00010c0041) ;
RUNTEST 1 TCK;
SDR 82 TDI (00088900000001010c0003) TDO (0008840100000100040041) ;
RUNTEST 1 TCK;
SDR 82 TDI (00088d00000011018c0243) TDO (00088900000001010c0001) ;
RUNTEST 1 TCK;
SDR 82 TDI (0008900100000000080003) TDO (00088d00000011018c0241) ;
RUNTEST 1 TCK;
SDR 82 TDI (0008a10000040101000203) TDO (0008900100000000080001) ;
RUNTEST 1 TCK;
SDR 82 TDI (0008a40001000201001003) TDO (0008a10000040101000201) ;
RUNTEST 1 TCK;
SDR 82 TDI (0008a90000020000000003) TDO (0008a40001000201001001) ;
RUNTEST 1 TCK;
SDR 82 TDI (0008ac00000002002c0003) TDO (0008a90000020000000001) ;
RUNTEST 1 TCK;
SDR 82 TDI (0008b00000000000000033) TDO (0008ac00000002002c0001) ;
RUNTEST 1 TCK;
SDR 82 TDI (0008c04000040000080043) TDO (0008b00000000000000031) ;
RUNTEST 1 TCK;
SDR 82 TDI (0008c40000000000000003) TDO (0008c04000040000080041) ;
RUNTEST 1 TCK;
SDR 82 TDI (0008c80000000004000047) TDO (0008c40000000000000001) ;
RUNTEST 1 TCK;
SDR 82 TDI (0008cc0000001800600003) TDO (0008c80000000004000045) ;
RUNTEST 1 TCK;
SDR 82 TDI (0008d00000000000000053) TDO (0008cc0000001800600001) ;
RUNTEST 1 TCK;
SDR 82 TDI (0009030300020702030007) TDO (0008d00000000000000051) ;
RUNTEST 1 TCK;
SDR 82 TDI (0009070200030003000203) TDO (0009030300020702030005) ;
RUNTEST 1 TCK;
SDR 82 TDI (0009090202030082020243) TDO (0009070200030003000201) ;
RUNTEST 1 TCK;
SDR 82 TDI (00090f0202020202030003) TDO (0009090202030082020241) ;
RUNTEST 1 TCK;
SDR 82 TDI (0009130202020303030203) TDO (00090f0202020202030001) ;
RUNTEST 1 TCK;
SDR 82 TDI (0009220203030222030003) TDO (0009130202020303030201) ;
RUNTEST 1 TCK;
SDR 82 TDI (0009270312010203030003) TDO (0009220203030222030001) ;
RUNTEST 1 TCK;
SDR 82 TDI (00092a0102010203030133) TDO (0009270312010203030001) ;
RUNTEST 1 TCK;
SDR 82 TDI (00092c0302030103030133) TDO (00092a0102010203030131) ;
RUNTEST 1 TCK;
SDR 82 TDI (0009300000000000000043) TDO (00092c0302030103030131) ;
RUNTEST 1 TCK;
SDR 82 TDI (0009400000000020000003) TDO (0009300000000000000041) ;
RUNTEST 1 TCK;
SDR 82 TDI (0009440000000080000007) TDO (0009400000000020000001) ;
RUNTEST 1 TCK;
SDR 82 TDI (0009480000000080000013) TDO (0009440000000080000005) ;
RUNTEST 1 TCK;
SDR 82 TDI (00094c0000000080000053) TDO (0009480000000080000011) ;
RUNTEST 1 TCK;
SDR 82 TDI (0009500000000080000023) TDO (00094c0000000080000051) ;
RUNTEST 1 TCK;
SDR 82 TDI (0009830e000302c3030043) TDO (0009500000000080000021) ;
RUNTEST 1 TCK;
SDR 82 TDI (0009860200050102000043) TDO (0009830e000302c3030041) ;
RUNTEST 1 TCK;
SDR 82 TDI (0009890200010103020003) TDO (0009860200050102000041) ;
RUNTEST 1 TCK;
SDR 82 TDI (00098f0202000203030243) TDO (0009890200010103020001) ;
RUNTEST 1 TCK;
SDR 82 TDI (0009920200000202030003) TDO (00098f0202000203030241) ;
RUNTEST 1 TCK;
SDR 82 TDI (0009a300000102530f0203) TDO (0009920200000202030001) ;
RUNTEST 1 TCK;
SDR 82 TDI (0009a70102030283030007) TDO (0009a300000102530f0201) ;
RUNTEST 1 TCK;
SDR 82 TDI (0009aa0100030083030043) TDO (0009a70102030283030005) ;
RUNTEST 1 TCK;
SDR 82 TDI (0009ac0102010383030043) TDO (0009aa0100030083030041) ;
RUNTEST 1 TCK;
SDR 82 TDI (0009b00000000084000033) TDO (0009ac0102010383030041) ;
RUNTEST 1 TCK;
SDR 82 TDI (0009c004000000c0000043) TDO (0009b00000000084000031) ;
RUNTEST 1 TCK;
SDR 82 TDI (0009c40000000000001003) TDO (0009c004000000c0000041) ;
RUNTEST 1 TCK;
SDR 82 TDI (0009c80000000008000067) TDO (0009c40000000000001001) ;
RUNTEST 1 TCK;
SDR 82 TDI (0009cc0000000000000023) TDO (0009c80000000008000065) ;
RUNTEST 1 TCK;
SDR 82 TDI (0009d00000000000000053) TDO (0009cc0000000000000021) ;
RUNTEST 1 TCK;
SDR 82 TDI (000a0001000001c0000043) TDO (0009d00000000000000051) ;
RUNTEST 1 TCK;
SDR 82 TDI (000a050000000001040243) TDO (000a0001000001c0000041) ;
RUNTEST 1 TCK;
SDR 82 TDI (000a080000000800000203) TDO (000a050000000001040241) ;
RUNTEST 1 TCK;
SDR 82 TDI (000a0c000000c000000003) TDO (000a080000000800000201) ;
RUNTEST 1 TCK;
SDR 82 TDI (000a110000020501000203) TDO (000a0c000000c000000001) ;
RUNTEST 1 TCK;
SDR 82 TDI (000a200001020040002003) TDO (000a110000020501000201) ;
RUNTEST 1 TCK;
SDR 82 TDI (000a240200000080000007) TDO (000a200001020040002001) ;
RUNTEST 1 TCK;
SDR 82 TDI (000a280000002280000143) TDO (000a240200000080000005) ;
RUNTEST 1 TCK;
SDR 82 TDI (000a2c0200002080020143) TDO (000a280000002280000141) ;
RUNTEST 1 TCK;
SDR 82 TDI (000a30040000c080000003) TDO (000a2c0200002080020141) ;
RUNTEST 1 TCK;
SDR 82 TDI (000a400000000040000043) TDO (000a30040000c080000001) ;
RUNTEST 1 TCK;
SDR 82 TDI (000a440000000000000003) TDO (000a400000000040000041) ;
RUNTEST 1 TCK;
SDR 82 TDI (000a480000000000000063) TDO (000a440000000000000001) ;
RUNTEST 1 TCK;
SDR 82 TDI (000a4c0000002000000023) TDO (000a480000000000000061) ;
RUNTEST 1 TCK;
SDR 82 TDI (000a500000000000000003) TDO (000a4c0000002000000021) ;
RUNTEST 1 TCK;
SDR 82 TDI (000a810000010001000003) TDO (000a500000000000000001) ;
RUNTEST 1 TCK;
SDR 82 TDI (000a840000024100000003) TDO (000a810000010001000001) ;
RUNTEST 1 TCK;
SDR 82 TDI (000a890000020001000003) TDO (000a840000024100000001) ;
RUNTEST 1 TCK;
SDR 82 TDI (000a8d0000020401000003) TDO (000a890000020001000001) ;
RUNTEST 1 TCK;
SDR 82 TDI (000a900000000000000003) TDO (000a8d0000020401000001) ;
RUNTEST 1 TCK;
SDR 82 TDI (000aa00200400001000203) TDO (000a900000000000000001) ;
RUNTEST 1 TCK;
SDR 82 TDI (000aa40000022000002003) TDO (000aa00200400001000201) ;
RUNTEST 1 TCK;
SDR 82 TDI (000aa80000024000000003) TDO (000aa40000022000002001) ;
RUNTEST 1 TCK;
SDR 82 TDI (000aac0000028200000003) TDO (000aa80000024000000001) ;
RUNTEST 1 TCK;
SDR 82 TDI (000ab00800000000000003) TDO (000aac0000028200000001) ;
RUNTEST 1 TCK;
SDR 82 TDI (000ac00000000000000003) TDO (000ab00800000000000001) ;
RUNTEST 1 TCK;
SDR 82 TDI (000ac40000000000000003) TDO (000ac00000000000000001) ;
RUNTEST 1 TCK;
SDR 82 TDI (000ac80000000000000003) TDO (000ac40000000000000001) ;
RUNTEST 1 TCK;
SDR 82 TDI (000acc0000004000000003) TDO (000ac80000000000000001) ;
RUNTEST 1 TCK;
SDR 82 TDI (000ad00000000000000003) TDO (000acc0000004000000001) ;
RUNTEST 1 TCK;
SDR 82 TDI (000b000300000000000003) TDO (000ad00000000000000001) ;
RUNTEST 1 TCK;
SDR 82 TDI (000b050208020001000203) TDO (000b000300000000000001) ;
RUNTEST 1 TCK;
SDR 82 TDI (000b080a00020000080203) TDO (000b050208020001000201) ;
RUNTEST 1 TCK;
SDR 82 TDI (000b0c0300030000000003) TDO (000b080a00020000080201) ;
RUNTEST 1 TCK;
SDR 82 TDI (000b100b01020001000203) TDO (000b0c0300030000000001) ;
RUNTEST 1 TCK;
SDR 82 TDI (000b200300020000000003) TDO (000b100b01020001000201) ;
RUNTEST 1 TCK;
SDR 82 TDI (000b240380020000000003) TDO (000b200300020000000001) ;
RUNTEST 1 TCK;
SDR 82 TDI (000b280904020200000103) TDO (000b240380020000000001) ;
RUNTEST 1 TCK;
SDR 82 TDI (000b2c0b00020000000103) TDO (000b280904020200000101) ;
RUNTEST 1 TCK;
SDR 82 TDI (000b300800000000000003) TDO (000b2c0b00020000000101) ;
RUNTEST 1 TCK;
SDR 82 TDI (000b400004000000000003) TDO (000b300800000000000001) ;
RUNTEST 1 TCK;
SDR 82 TDI (000b440800000000000003) TDO (000b400004000000000001) ;
RUNTEST 1 TCK;
SDR 82 TDI (000b480808000080000003) TDO (000b440800000000000001) ;
RUNTEST 1 TCK;
SDR 82 TDI (000b4c0840000000000003) TDO (000b480808000080000001) ;
RUNTEST 1 TCK;
SDR 82 TDI (000b500440000080000003) TDO (000b4c0840000000000001) ;
RUNTEST 1 TCK;
SDR 82 TDI (000b800000000000000003) TDO (000b500440000080000001) ;
RUNTEST 1 TCK;
SDR 82 TDI (000b850080000001000003) TDO (000b800000000000000001) ;
RUNTEST 1 TCK;
SDR 82 TDI (000b880000020000000003) TDO (000b850080000001000001) ;
RUNTEST 1 TCK;
SDR 82 TDI (000b8c0000020000000003) TDO (000b880000020000000001) ;
RUNTEST 1 TCK;
SDR 82 TDI (000b910000020101000003) TDO (000b8c0000020000000001) ;
RUNTEST 1 TCK;
SDR 82 TDI (000ba00081000000000003) TDO (000b910000020101000001) ;
RUNTEST 1 TCK;
SDR 82 TDI (000ba40204000000000003) TDO (000ba00081000000000001) ;
RUNTEST 1 TCK;
SDR 82 TDI (000ba80000000200000003) TDO (000ba40204000000000001) ;
RUNTEST 1 TCK;
SDR 82 TDI (000bac0200000000000003) TDO (000ba80000000200000001) ;
RUNTEST 1 TCK;
SDR 82 TDI (000bb00000000000000003) TDO (000bac0200000000000001) ;
RUNTEST 1 TCK;
SDR 82 TDI (000bc00000000000002003) TDO (000bb00000000000000001) ;
RUNTEST 1 TCK;
SDR 82 TDI (000bc40000000080000003) TDO (000bc00000000000002001) ;
RUNTEST 1 TCK;
SDR 82 TDI (000bc80400000000000003) TDO (000bc40000000080000001) ;
RUNTEST 1 TCK;
SDR 82 TDI (000bcc0000000080000003) TDO (000bc80400000000000001) ;
RUNTEST 1 TCK;
SDR 82 TDI (000bd00000000000000003) TDO (000bcc0000000080000001) ;
RUNTEST 1 TCK;
SDR 82 TDI (000c000100010100000003) TDO (000bd00000000000000001) ;
RUNTEST 1 TCK;
SDR 82 TDI (000c050008000101000003) TDO (000c000100010100000001) ;
RUNTEST 1 TCK;
SDR 82 TDI (000c080000000000000203) TDO (000c050008000101000001) ;
RUNTEST 1 TCK;
SDR 82 TDI (000c0c0000000000000003) TDO (000c080000000000000201) ;
RUNTEST 1 TCK;
SDR 82 TDI (000c110084000101000203) TDO (000c0c0000000000000001) ;
RUNTEST 1 TCK;
SDR 82 TDI (000c200001022001000243) TDO (000c110084000101000201) ;
RUNTEST 1 TCK;
SDR 82 TDI (000c2400000a0080000003) TDO (000c200001022001000241) ;
RUNTEST 1 TCK;
SDR 82 TDI (000c280000020200040003) TDO (000c2400000a0080000001) ;
RUNTEST 1 TCK;
SDR 82 TDI (000c2c0000020000000003) TDO (000c280000020200040001) ;
RUNTEST 1 TCK;
SDR 82 TDI (000c300000000000000003) TDO (000c2c0000020000000001) ;
RUNTEST 1 TCK;
SDR 82 TDI (000c400000000000000003) TDO (000c300000000000000001) ;
RUNTEST 1 TCK;
SDR 82 TDI (000c440000000000000003) TDO (000c400000000000000001) ;
RUNTEST 1 TCK;
SDR 82 TDI (000c480008000000000003) TDO (000c440000000000000001) ;
RUNTEST 1 TCK;
SDR 82 TDI (000c4c0040000000000003) TDO (000c480008000000000001) ;
RUNTEST 1 TCK;
SDR 82 TDI (000c500080000000000003) TDO (000c4c0040000000000001) ;
RUNTEST 1 TCK;
SDR 82 TDI (000c804000010000000003) TDO (000c500080000000000001) ;
RUNTEST 1 TCK;
SDR 82 TDI (000c840100010100000003) TDO (000c804000010000000001) ;
RUNTEST 1 TCK;
SDR 82 TDI (000c890000000101000003) TDO (000c840100010100000001) ;
RUNTEST 1 TCK;
SDR 82 TDI (000c8c0000000000000203) TDO (000c890000000101000001) ;
RUNTEST 1 TCK;
SDR 82 TDI (000c900000000000000003) TDO (000c8c0000000000000201) ;
RUNTEST 1 TCK;
SDR 82 TDI (000ca10000000101000203) TDO (000c900000000000000001) ;
RUNTEST 1 TCK;
SDR 82 TDI (000ca40001020001004203) TDO (000ca10000000101000201) ;
RUNTEST 1 TCK;
SDR 82 TDI (000ca80000020000000003) TDO (000ca40001020001004201) ;
RUNTEST 1 TCK;
SDR 82 TDI (000cac0000020200000003) TDO (000ca80000020000000001) ;
RUNTEST 1 TCK;
SDR 82 TDI (000cb00000000000000003) TDO (000cac0000020200000001) ;
RUNTEST 1 TCK;
SDR 82 TDI (000cc00000000000000003) TDO (000cb00000000000000001) ;
RUNTEST 1 TCK;
SDR 82 TDI (000cc40000000000000003) TDO (000cc00000000000000001) ;
RUNTEST 1 TCK;
SDR 82 TDI (000cc80000000000000003) TDO (000cc40000000000000001) ;
RUNTEST 1 TCK;
SDR 82 TDI (000ccc0000000000000003) TDO (000cc80000000000000001) ;
RUNTEST 1 TCK;
SDR 82 TDI (000cd00000000000000003) TDO (000ccc0000000000000001) ;
RUNTEST 1 TCK;
SDR 82 TDI (000d030303030303030103) TDO (000cd00000000000000001) ;
RUNTEST 1 TCK;
SDR 82 TDI (000d070203230303030303) TDO (000d030303030303030101) ;
RUNTEST 1 TCK;
SDR 82 TDI (000d0b0303030203030303) TDO (000d070203230303030301) ;
RUNTEST 1 TCK;
SDR 82 TDI (000d0f0303030203030003) TDO (000d0b0303030203030301) ;
RUNTEST 1 TCK;
SDR 82 TDI (000d130303030303030203) TDO (000d0f0303030203030001) ;
RUNTEST 1 TCK;
SDR 82 TDI (000d230303038203030203) TDO (000d130303030303030201) ;
RUNTEST 1 TCK;
SDR 82 TDI (000d270303030303030003) TDO (000d230303038203030201) ;
RUNTEST 1 TCK;
SDR 82 TDI (000d2b0103030303030103) TDO (000d270303030303030001) ;
RUNTEST 1 TCK;
SDR 82 TDI (000d2f0303030103030103) TDO (000d2b0103030303030101) ;
RUNTEST 1 TCK;
SDR 82 TDI (000d300000000000000003) TDO (000d2f0303030103030101) ;
RUNTEST 1 TCK;
SDR 82 TDI (000d400000000000000003) TDO (000d300000000000000001) ;
RUNTEST 1 TCK;
SDR 82 TDI (000d440000000000000003) TDO (000d400000000000000001) ;
RUNTEST 1 TCK;
SDR 82 TDI (000d480000000000000003) TDO (000d440000000000000001) ;
RUNTEST 1 TCK;
SDR 82 TDI (000d4c0000000000000003) TDO (000d480000000000000001) ;
RUNTEST 1 TCK;
SDR 82 TDI (000d500000000000000003) TDO (000d4c0000000000000001) ;
RUNTEST 1 TCK;
SDR 82 TDI (000d8000001c00001c0007) TDO (000d500000000000000001) ;
RUNTEST 1 TCK;
SDR 82 TDI (000d840000000000000003) TDO (000d8000001c00001c0005) ;
RUNTEST 1 TCK;
SDR 82 TDI (000d880000300080040043) TDO (000d840000000000000001) ;
RUNTEST 1 TCK;
SDR 82 TDI (000d8c00000000000c0043) TDO (000d880000300080040041) ;
RUNTEST 1 TCK;
SDR 82 TDI (000d9000000000000c0003) TDO (000d8c00000000000c0041) ;
RUNTEST 1 TCK;
SDR 82 TDI (000da02000040030100003) TDO (000d9000000000000c0001) ;
RUNTEST 1 TCK;
SDR 82 TDI (000da40000000000000003) TDO (000da02000040030100001) ;
RUNTEST 1 TCK;
SDR 82 TDI (000da80000000000000033) TDO (000da40000000000000001) ;
RUNTEST 1 TCK;
SDR 82 TDI (000dac0000000000000033) TDO (000da80000000000000031) ;
RUNTEST 1 TCK;
SDR 82 TDI (000db00000000004000073) TDO (000dac0000000000000031) ;
RUNTEST 1 TCK;
SDR 82 TDI (000dc000000400a00c0003) TDO (000db00000000004000071) ;
RUNTEST 1 TCK;
SDR 82 TDI (000dc40000000080084007) TDO (000dc000000400a00c0001) ;
RUNTEST 1 TCK;
SDR 82 TDI (000dc800000000880c0017) TDO (000dc40000000080084005) ;
RUNTEST 1 TCK;
SDR 82 TDI (000dcc00000000800c0053) TDO (000dc800000000880c0015) ;
RUNTEST 1 TCK;
SDR 82 TDI (000dd000000000800c0073) TDO (000dcc00000000800c0051) ;
RUNTEST 1 TCK;
SDR 82 TDI (000e000000000000000003) TDO (000dd000000000800c0071) ;
RUNTEST 1 TCK;
SDR 82 TDI (000e040008000000000003) TDO (000e000000000000000001) ;
RUNTEST 1 TCK;
SDR 82 TDI (000e080000000800008043) TDO (000e040008000000000001) ;
RUNTEST 1 TCK;
SDR 82 TDI (000e0c0000000000000003) TDO (000e080000000800008041) ;
RUNTEST 1 TCK;
SDR 82 TDI (000e10000000c400000003) TDO (000e0c0000000000000001) ;
RUNTEST 1 TCK;
SDR 82 TDI (000e200000000000000003) TDO (000e10000000c400000001) ;
RUNTEST 1 TCK;
SDR 82 TDI (000e240080000000000003) TDO (000e200000000000000001) ;
RUNTEST 1 TCK;
SDR 82 TDI (000e280004000000000003) TDO (000e240080000000000001) ;
RUNTEST 1 TCK;
SDR 82 TDI (000e2c0000002080040003) TDO (000e280004000000000001) ;
RUNTEST 1 TCK;
SDR 82 TDI (000e300000008000000003) TDO (000e2c0000002080040001) ;
RUNTEST 1 TCK;
SDR 82 TDI (000e400044000000000003) TDO (000e300000008000000001) ;
RUNTEST 1 TCK;
SDR 82 TDI (000e440040004000000003) TDO (000e400044000000000001) ;
RUNTEST 1 TCK;
SDR 82 TDI (000e480008004000000003) TDO (000e440040004000000001) ;
RUNTEST 1 TCK;
SDR 82 TDI (000e4c0040006000000003) TDO (000e480008004000000001) ;
RUNTEST 1 TCK;
SDR 82 TDI (000e500040006000000003) TDO (000e4c0040006000000001) ;
RUNTEST 1 TCK;
SDR 82 TDI (000e802080008000000003) TDO (000e500040006000000001) ;
RUNTEST 1 TCK;
SDR 82 TDI (000e840000000000008003) TDO (000e802080008000000001) ;
RUNTEST 1 TCK;
SDR 82 TDI (000e880000000000000003) TDO (000e840000000000008001) ;
RUNTEST 1 TCK;
SDR 82 TDI (000e8c0000008000000003) TDO (000e880000000000000001) ;
RUNTEST 1 TCK;
SDR 82 TDI (000e900000000000000003) TDO (000e8c0000008000000001) ;
RUNTEST 1 TCK;
SDR 82 TDI (000ea00004000000000003) TDO (000e900000000000000001) ;
RUNTEST 1 TCK;
SDR 82 TDI (000ea40000000000000003) TDO (000ea00004000000000001) ;
RUNTEST 1 TCK;
SDR 82 TDI (000ea80000000000000003) TDO (000ea40000000000000001) ;
RUNTEST 1 TCK;
SDR 82 TDI (000eac0000000000000003) TDO (000ea80000000000000001) ;
RUNTEST 1 TCK;
SDR 82 TDI (000eb00000000000000003) TDO (000eac0000000000000001) ;
RUNTEST 1 TCK;
SDR 82 TDI (000ec00080000000000003) TDO (000eb00000000000000001) ;
RUNTEST 1 TCK;
SDR 82 TDI (000ec40000008000000003) TDO (000ec00080000000000001) ;
RUNTEST 1 TCK;
SDR 82 TDI (000ec80040000000000003) TDO (000ec40000008000000001) ;
RUNTEST 1 TCK;
SDR 82 TDI (000ecc0000080000000003) TDO (000ec80040000000000001) ;
RUNTEST 1 TCK;
SDR 82 TDI (000ed00000000000000003) TDO (000ecc0000080000000001) ;
RUNTEST 1 TCK;
SDR 82 TDI (000f000080008000008003) TDO (000ed00000000000000001) ;
RUNTEST 1 TCK;
SDR 82 TDI (000f04008a008300028003) TDO (000f000080008000008001) ;
RUNTEST 1 TCK;
SDR 82 TDI (000f0a0882008a00020003) TDO (000f04008a008300028001) ;
RUNTEST 1 TCK;
SDR 82 TDI (000f0c0080000000000003) TDO (000f0a0882008a00020001) ;
RUNTEST 1 TCK;
SDR 82 TDI (000f10088300c500000003) TDO (000f0c0080000000000001) ;
RUNTEST 1 TCK;
SDR 82 TDI (000f210003000000000003) TDO (000f10088300c500000001) ;
RUNTEST 1 TCK;
SDR 82 TDI (000f240080008000000003) TDO (000f210003000000000001) ;
RUNTEST 1 TCK;
SDR 82 TDI (000f280807028000000003) TDO (000f240080008000000001) ;
RUNTEST 1 TCK;
SDR 82 TDI (000f2d080100a000080023) TDO (000f280807028000000001) ;
RUNTEST 1 TCK;
SDR 82 TDI (000f300800000080000003) TDO (000f2d080100a000080021) ;
RUNTEST 1 TCK;
SDR 82 TDI (000f400004000000000003) TDO (000f300800000080000001) ;
RUNTEST 1 TCK;
SDR 82 TDI (000f440800000000000003) TDO (000f400004000000000001) ;
RUNTEST 1 TCK;
SDR 82 TDI (000f480808000000000003) TDO (000f440800000000000001) ;
RUNTEST 1 TCK;
SDR 82 TDI (000f4c0840002000000003) TDO (000f480808000000000001) ;
RUNTEST 1 TCK;
SDR 82 TDI (000f500400002000000003) TDO (000f4c0840002000000001) ;
RUNTEST 1 TCK;
SDR 82 TDI (000f800004000000000403) TDO (000f500400002000000001) ;
RUNTEST 1 TCK;
SDR 82 TDI (000f840000000000000003) TDO (000f800004000000000401) ;
RUNTEST 1 TCK;
SDR 82 TDI (000f880000000000008003) TDO (000f840000000000000001) ;
RUNTEST 1 TCK;
SDR 82 TDI (000f8c0000000000000003) TDO (000f880000000000008001) ;
RUNTEST 1 TCK;
SDR 82 TDI (000f900400000000000003) TDO (000f8c0000000000000001) ;
RUNTEST 1 TCK;
SDR 82 TDI (000fa00000200000000003) TDO (000f900400000000000001) ;
RUNTEST 1 TCK;
SDR 82 TDI (000fa40000000000000003) TDO (000fa00000200000000001) ;
RUNTEST 1 TCK;
SDR 82 TDI (000fa80000000000000003) TDO (000fa40000000000000001) ;
RUNTEST 1 TCK;
SDR 82 TDI (000fac0000000000000003) TDO (000fa80000000000000001) ;
RUNTEST 1 TCK;
SDR 82 TDI (000fb00000008000000003) TDO (000fac0000000000000001) ;
RUNTEST 1 TCK;
SDR 82 TDI (000fc00000008000000003) TDO (000fb00000008000000001) ;
RUNTEST 1 TCK;
SDR 82 TDI (000fc40080000000000003) TDO (000fc00000008000000001) ;
RUNTEST 1 TCK;
SDR 82 TDI (000fc80000000000004003) TDO (000fc40080000000000001) ;
RUNTEST 1 TCK;
SDR 82 TDI (000fcc0000000000000003) TDO (000fc80000000000004001) ;
RUNTEST 1 TCK;
SDR 82 TDI (000fd00040000000000003) TDO (000fcc0000000000000001) ;
RUNTEST 1 TCK;
SDR 82 TDI (0010000002000101000003) TDO (000fd00040000000000001) ;
RUNTEST 1 TCK;
SDR 82 TDI (0010040002000101000303) TDO (0010000002000101000001) ;
RUNTEST 1 TCK;
SDR 82 TDI (00100a0102000000010303) TDO (0010040002000101000301) ;
RUNTEST 1 TCK;
SDR 82 TDI (00100c0000000000000003) TDO (00100a0102000000010301) ;
RUNTEST 1 TCK;
SDR 82 TDI (0010100003010101000203) TDO (00100c0000000000000001) ;
RUNTEST 1 TCK;
SDR 82 TDI (0010210003000000000203) TDO (0010100003010101000201) ;
RUNTEST 1 TCK;
SDR 82 TDI (0010240000000100000003) TDO (0010210003000000000201) ;
RUNTEST 1 TCK;
SDR 82 TDI (0010280003020200008103) TDO (0010240000000100000001) ;
RUNTEST 1 TCK;
SDR 82 TDI (00102f0001000000000103) TDO (0010280003020200008101) ;
RUNTEST 1 TCK;
SDR 82 TDI (0010300000000000080003) TDO (00102f0001000000000101) ;
RUNTEST 1 TCK;
SDR 82 TDI (0010400000000000000003) TDO (0010300000000000080001) ;
RUNTEST 1 TCK;
SDR 82 TDI (0010440000000000000003) TDO (0010400000000000000001) ;
RUNTEST 1 TCK;
SDR 82 TDI (0010480000000000008003) TDO (0010440000000000000001) ;
RUNTEST 1 TCK;
SDR 82 TDI (00104c0000000000000003) TDO (0010480000000000008001) ;
RUNTEST 1 TCK;
SDR 82 TDI (0010500000000000000003) TDO (00104c0000000000000001) ;
RUNTEST 1 TCK;
SDR 82 TDI (0010810e011e32c2000183) TDO (0010500000000000000001) ;
RUNTEST 1 TCK;
SDR 82 TDI (0010840201000202000803) TDO (0010810e011e32c2000181) ;
RUNTEST 1 TCK;
SDR 82 TDI (0010890201100283000003) TDO (0010840201000202000801) ;
RUNTEST 1 TCK;
SDR 82 TDI (00108d0203000203000003) TDO (0010890201100283000001) ;
RUNTEST 1 TCK;
SDR 82 TDI (0010900300000202000003) TDO (00108d0203000203000001) ;
RUNTEST 1 TCK;
SDR 82 TDI (0010a00000051273008003) TDO (0010900300000202000001) ;
RUNTEST 1 TCK;
SDR 82 TDI (0010a40103010283008803) TDO (0010a00000051273008001) ;
RUNTEST 1 TCK;
SDR 82 TDI (0010a80100010183000003) TDO (0010a40103010283008801) ;
RUNTEST 1 TCK;
SDR 82 TDI (0010ac0102010183000003) TDO (0010a80100010183000001) ;
RUNTEST 1 TCK;
SDR 82 TDI (0010b00000000084000003) TDO (0010ac0102010183000001) ;
RUNTEST 1 TCK;
SDR 82 TDI (0010c004000418e0000003) TDO (0010b00000000084000001) ;
RUNTEST 1 TCK;
SDR 82 TDI (0010c40000000080000003) TDO (0010c004000418e0000001) ;
RUNTEST 1 TCK;
SDR 82 TDI (0010c80000000088000003) TDO (0010c40000000080000001) ;
RUNTEST 1 TCK;
SDR 82 TDI (0010cc0000000080000003) TDO (0010c80000000088000001) ;
RUNTEST 1 TCK;
SDR 82 TDI (0010d00000008080008003) TDO (0010cc0000000080000001) ;
RUNTEST 1 TCK;
SDR 82 TDI (0011030301030202030103) TDO (0010d00000008080008001) ;
RUNTEST 1 TCK;
SDR 82 TDI (0011070201030602030003) TDO (0011030301030202030101) ;
RUNTEST 1 TCK;
SDR 82 TDI (0011090a01038e03020003) TDO (0011070201030602030001) ;
RUNTEST 1 TCK;
SDR 82 TDI (00110f0373030603030003) TDO (0011090a01038e03020001) ;
RUNTEST 1 TCK;
SDR 82 TDI (0011130b0002c202030003) TDO (00110f0373030603030001) ;
RUNTEST 1 TCK;
SDR 82 TDI (001122030003020b030003) TDO (0011130b0002c202030001) ;
RUNTEST 1 TCK;
SDR 82 TDI (0011270303030203030003) TDO (001122030003020b030001) ;
RUNTEST 1 TCK;
SDR 82 TDI (00112b0908010103030003) TDO (0011270303030203030001) ;
RUNTEST 1 TCK;
SDR 82 TDI (00112c0b72032103030003) TDO (00112b0908010103030001) ;
RUNTEST 1 TCK;
SDR 82 TDI (0011300800000000000003) TDO (00112c0b72032103030001) ;
RUNTEST 1 TCK;
SDR 82 TDI (0011400000008000000003) TDO (0011300800000000000001) ;
RUNTEST 1 TCK;
SDR 82 TDI (0011440800008000000003) TDO (0011400000008000000001) ;
RUNTEST 1 TCK;
SDR 82 TDI (0011480800008000000003) TDO (0011440800008000000001) ;
RUNTEST 1 TCK;
SDR 82 TDI (00114c083000a000000013) TDO (0011480800008000000001) ;
RUNTEST 1 TCK;
SDR 82 TDI (0011500400002000088003) TDO (00114c083000a000000011) ;
RUNTEST 1 TCK;
SDR 82 TDI (00118100010202c2c80003) TDO (0011500400002000088001) ;
RUNTEST 1 TCK;
SDR 82 TDI (0011840001000206040803) TDO (00118100010202c2c80001) ;
RUNTEST 1 TCK;
SDR 82 TDI (0011890001000206080003) TDO (0011840001000206040801) ;
RUNTEST 1 TCK;
SDR 82 TDI (00118d0003000207040003) TDO (0011890001000206080001) ;
RUNTEST 1 TCK;
SDR 82 TDI (0011900000000606080003) TDO (00118d0003000207040001) ;
RUNTEST 1 TCK;
SDR 82 TDI (0011a00000010257e00003) TDO (0011900000000606080001) ;
RUNTEST 1 TCK;
SDR 82 TDI (0011a40003010287000803) TDO (0011a00000010257e00001) ;
RUNTEST 1 TCK;
SDR 82 TDI (0011a804000101870c0003) TDO (0011a40003010287000801) ;
RUNTEST 1 TCK;
SDR 82 TDI (0011ac00024101870c0003) TDO (0011a804000101870c0001) ;
RUNTEST 1 TCK;
SDR 82 TDI (0011b000000000840c0003) TDO (0011ac00024101870c0001) ;
RUNTEST 1 TCK;
SDR 82 TDI (0011c000000000c0e88003) TDO (0011b000000000840c0001) ;
RUNTEST 1 TCK;
SDR 82 TDI (0011c40000000000008003) TDO (0011c000000000c0e88001) ;
RUNTEST 1 TCK;
SDR 82 TDI (0011c80000000000008003) TDO (0011c40000000000008001) ;
RUNTEST 1 TCK;
SDR 82 TDI (0011cc0000000000000003) TDO (0011c80000000000008001) ;
RUNTEST 1 TCK;
SDR 82 TDI (0011d00000000000000003) TDO (0011cc0000000000000001) ;
RUNTEST 1 TCK;
SDR 82 TDI (0012001000000000000003) TDO (0011d00000000000000001) ;
RUNTEST 1 TCK;
SDR 82 TDI (0012040008000000000003) TDO (0012001000000000000001) ;
RUNTEST 1 TCK;
SDR 82 TDI (0012080000000000040003) TDO (0012040008000000000001) ;
RUNTEST 1 TCK;
SDR 82 TDI (00120c0000000000000003) TDO (0012080000000000040001) ;
RUNTEST 1 TCK;
SDR 82 TDI (0012100084000000000003) TDO (00120c0000000000000001) ;
RUNTEST 1 TCK;
SDR 82 TDI (0012200000000000000003) TDO (0012100084000000000001) ;
RUNTEST 1 TCK;
SDR 82 TDI (0012240000000000000003) TDO (0012200000000000000001) ;
RUNTEST 1 TCK;
SDR 82 TDI (0012280000000008000003) TDO (0012240000000000000001) ;
RUNTEST 1 TCK;
SDR 82 TDI (00122c0000000000000003) TDO (0012280000000008000001) ;
RUNTEST 1 TCK;
SDR 82 TDI (0012300000000000000003) TDO (00122c0000000000000001) ;
RUNTEST 1 TCK;
SDR 82 TDI (0012400000000000000003) TDO (0012300000000000000001) ;
RUNTEST 1 TCK;
SDR 82 TDI (0012440000000000000003) TDO (0012400000000000000001) ;
RUNTEST 1 TCK;
SDR 82 TDI (0012480008000000000003) TDO (0012440000000000000001) ;
RUNTEST 1 TCK;
SDR 82 TDI (00124c0040000000000003) TDO (0012480008000000000001) ;
RUNTEST 1 TCK;
SDR 82 TDI (0012500080000000000003) TDO (00124c0040000000000001) ;
RUNTEST 1 TCK;
SDR 82 TDI (0012830000223202030003) TDO (0012500080000000000001) ;
RUNTEST 1 TCK;
SDR 82 TDI (0012861000210006000003) TDO (0012830000223202030001) ;
RUNTEST 1 TCK;
SDR 82 TDI (0012890000210002020003) TDO (0012861000210006000001) ;
RUNTEST 1 TCK;
SDR 82 TDI (00128f0002000202030003) TDO (0012890000210002020001) ;
RUNTEST 1 TCK;
SDR 82 TDI (0012920000000202030003) TDO (00128f0002000202030001) ;
RUNTEST 1 TCK;
SDR 82 TDI (0012a20000011202030003) TDO (0012920000000202030001) ;
RUNTEST 1 TCK;
SDR 82 TDI (0012a70002110202030003) TDO (0012a20000011202030001) ;
RUNTEST 1 TCK;
SDR 82 TDI (0012aa0000010002030003) TDO (0012a70002110202030001) ;
RUNTEST 1 TCK;
SDR 82 TDI (0012ac0002010103030003) TDO (0012aa0000010002030001) ;
RUNTEST 1 TCK;
SDR 82 TDI (0012b00000000000000003) TDO (0012ac0002010103030001) ;
RUNTEST 1 TCK;
SDR 82 TDI (0012c00000001800000003) TDO (0012b00000000000000001) ;
RUNTEST 1 TCK;
SDR 82 TDI (0012c40000000000000003) TDO (0012c00000001800000001) ;
RUNTEST 1 TCK;
SDR 82 TDI (0012c80000000000000003) TDO (0012c40000000000000001) ;
RUNTEST 1 TCK;
SDR 82 TDI (0012cc0000000000000003) TDO (0012c80000000000000001) ;
RUNTEST 1 TCK;
SDR 82 TDI (0012d00000008000000013) TDO (0012cc0000000000000001) ;
RUNTEST 1 TCK;
SDR 82 TDI (0013000c00003000000003) TDO (0012d00000008000000011) ;
RUNTEST 1 TCK;
SDR 82 TDI (0013040000000000000003) TDO (0013000c00003000000001) ;
RUNTEST 1 TCK;
SDR 82 TDI (0013080000000080000003) TDO (0013040000000000000001) ;
RUNTEST 1 TCK;
SDR 82 TDI (00130c0000000000000003) TDO (0013080000000080000001) ;
RUNTEST 1 TCK;
SDR 82 TDI (0013100000000000000003) TDO (00130c0000000000000001) ;
RUNTEST 1 TCK;
SDR 82 TDI (0013200000001000000003) TDO (0013100000000000000001) ;
RUNTEST 1 TCK;
SDR 82 TDI (0013240000000000000003) TDO (0013200000001000000001) ;
RUNTEST 1 TCK;
SDR 82 TDI (0013280000000000080003) TDO (0013240000000000000001) ;
RUNTEST 1 TCK;
SDR 82 TDI (00132c0000000000000003) TDO (0013280000000000080001) ;
RUNTEST 1 TCK;
SDR 82 TDI (0013300000000000000003) TDO (00132c0000000000000001) ;
RUNTEST 1 TCK;
SDR 82 TDI (0013400400001800000013) TDO (0013300000000000000001) ;
RUNTEST 1 TCK;
SDR 82 TDI (0013440000000000000003) TDO (0013400400001800000011) ;
RUNTEST 1 TCK;
SDR 82 TDI (0013480000000000000003) TDO (0013440000000000000001) ;
RUNTEST 1 TCK;
SDR 82 TDI (00134c0000000000000003) TDO (0013480000000000000001) ;
RUNTEST 1 TCK;
SDR 82 TDI (0013500000008000000003) TDO (00134c0000000000000001) ;
RUNTEST 1 TCK;
SDR 82 TDI (0013800000000000000003) TDO (0013500000008000000001) ;
RUNTEST 1 TCK;
SDR 82 TDI (0013840000000000030003) TDO (0013800000000000000001) ;
RUNTEST 1 TCK;
SDR 82 TDI (0013880000000000000003) TDO (0013840000000000030001) ;
RUNTEST 1 TCK;
SDR 82 TDI (00138c0000000000010003) TDO (0013880000000000000001) ;
RUNTEST 1 TCK;
SDR 82 TDI (0013910000000000010003) TDO (00138c0000000000010001) ;
RUNTEST 1 TCK;
SDR 82 TDI (0013a00000000000000003) TDO (0013910000000000010001) ;
RUNTEST 1 TCK;
SDR 82 TDI (0013a50000000001020003) TDO (0013a00000000000000001) ;
RUNTEST 1 TCK;
SDR 82 TDI (0013a80000000001000003) TDO (0013a50000000001020001) ;
RUNTEST 1 TCK;
SDR 82 TDI (0013ac0000000000000003) TDO (0013a80000000001000001) ;
RUNTEST 1 TCK;
SDR 82 TDI (0013b00000000000000003) TDO (0013ac0000000000000001) ;
RUNTEST 1 TCK;
SDR 82 TDI (0013c00000000000000003) TDO (0013b00000000000000001) ;
RUNTEST 1 TCK;
SDR 82 TDI (0013c40000040000000003) TDO (0013c00000000000000001) ;
RUNTEST 1 TCK;
SDR 82 TDI (0013c80000000000000003) TDO (0013c40000040000000001) ;
RUNTEST 1 TCK;
SDR 82 TDI (0013cc0000000000000003) TDO (0013c80000000000000001) ;
RUNTEST 1 TCK;
SDR 82 TDI (0013d00000000000000003) TDO (0013cc0000000000000001) ;
RUNTEST 1 TCK;
SDR 82 TDI (0014010001e30202340103) TDO (0013d00000000000000001) ;
RUNTEST 1 TCK;
SDR 82 TDI (0014040001200002010003) TDO (0014010001e30202340101) ;
RUNTEST 1 TCK;
SDR 82 TDI (0014090001200003040003) TDO (0014040001200002010001) ;
RUNTEST 1 TCK;
SDR 82 TDI (00140d0003000203080003) TDO (0014090001200003040001) ;
RUNTEST 1 TCK;
SDR 82 TDI (0014100000000200040003) TDO (00140d0003000203080001) ;
RUNTEST 1 TCK;
SDR 82 TDI (0014200000390201100003) TDO (0014100000000200040001) ;
RUNTEST 1 TCK;
SDR 82 TDI (0014240003310203000003) TDO (0014200000390201100001) ;
RUNTEST 1 TCK;
SDR 82 TDI (0014280000010101000003) TDO (0014240003310203000001) ;
RUNTEST 1 TCK;
SDR 82 TDI (00142c0002010101000003) TDO (0014280000010101000001) ;
RUNTEST 1 TCK;
SDR 82 TDI (0014300000000000000003) TDO (00142c0002010101000001) ;
RUNTEST 1 TCK;
SDR 82 TDI (0014400000900000140003) TDO (0014300000000000000001) ;
RUNTEST 1 TCK;
SDR 82 TDI (0014440000100000080003) TDO (0014400000900000140001) ;
RUNTEST 1 TCK;
SDR 82 TDI (00144800000000000c0003) TDO (0014440000100000080001) ;
RUNTEST 1 TCK;
SDR 82 TDI (00144c00000000000c0003) TDO (00144800000000000c0001) ;
RUNTEST 1 TCK;
SDR 82 TDI (00145000000000000c0003) TDO (00144c00000000000c0001) ;
RUNTEST 1 TCK;
SDR 82 TDI (0014800000000000000003) TDO (00145000000000000c0001) ;
RUNTEST 1 TCK;
SDR 82 TDI (0014840000000200000003) TDO (0014800000000000000001) ;
RUNTEST 1 TCK;
SDR 82 TDI (0014880000000200000003) TDO (0014840000000200000001) ;
RUNTEST 1 TCK;
SDR 82 TDI (00148c0000000000000003) TDO (0014880000000200000001) ;
RUNTEST 1 TCK;
SDR 82 TDI (0014900000000002000003) TDO (00148c0000000000000001) ;
RUNTEST 1 TCK;
SDR 82 TDI (0014a00000000002000003) TDO (0014900000000002000001) ;
RUNTEST 1 TCK;
SDR 82 TDI (0014a40000000000000003) TDO (0014a00000000002000001) ;
RUNTEST 1 TCK;
SDR 82 TDI (0014a80000000002000003) TDO (0014a40000000000000001) ;
RUNTEST 1 TCK;
SDR 82 TDI (0014ac0000000002000003) TDO (0014a80000000002000001) ;
RUNTEST 1 TCK;
SDR 82 TDI (0014b00000000000000003) TDO (0014ac0000000002000001) ;
RUNTEST 1 TCK;
SDR 82 TDI (0014c00000080000000003) TDO (0014b00000000000000001) ;
RUNTEST 1 TCK;
SDR 82 TDI (0014c40000000000000003) TDO (0014c00000080000000001) ;
RUNTEST 1 TCK;
SDR 82 TDI (0014c80000000000000003) TDO (0014c40000000000000001) ;
RUNTEST 1 TCK;
SDR 82 TDI (0014cc0000000000000003) TDO (0014c80000000000000001) ;
RUNTEST 1 TCK;
SDR 82 TDI (0014d00000000000000043) TDO (0014cc0000000000000001) ;
RUNTEST 1 TCK;
SDR 82 TDI (0015000000000000000003) TDO (0014d00000000000000041) ;
RUNTEST 1 TCK;
SDR 82 TDI (0015040000000200000003) TDO (0015000000000000000001) ;
RUNTEST 1 TCK;
SDR 82 TDI (0015080000000200000003) TDO (0015040000000200000001) ;
RUNTEST 1 TCK;
SDR 82 TDI (00150c0000000000000003) TDO (0015080000000200000001) ;
RUNTEST 1 TCK;
SDR 82 TDI (0015100000000000000003) TDO (00150c0000000000000001) ;
RUNTEST 1 TCK;
SDR 82 TDI (0015200000000000000003) TDO (0015100000000000000001) ;
RUNTEST 1 TCK;
SDR 82 TDI (0015240000000000000003) TDO (0015200000000000000001) ;
RUNTEST 1 TCK;
SDR 82 TDI (0015280000000000000003) TDO (0015240000000000000001) ;
RUNTEST 1 TCK;
SDR 82 TDI (00152c0000000000000003) TDO (0015280000000000000001) ;
RUNTEST 1 TCK;
SDR 82 TDI (0015300000000000000003) TDO (00152c0000000000000001) ;
RUNTEST 1 TCK;
SDR 82 TDI (0015400000000000000003) TDO (0015300000000000000001) ;
RUNTEST 1 TCK;
SDR 82 TDI (0015440010000000000003) TDO (0015400000000000000001) ;
RUNTEST 1 TCK;
SDR 82 TDI (0015480000000000040003) TDO (0015440010000000000001) ;
RUNTEST 1 TCK;
SDR 82 TDI (00154c0000000000000023) TDO (0015480000000000040001) ;
RUNTEST 1 TCK;
SDR 82 TDI (0015500000000000000003) TDO (00154c0000000000000021) ;
RUNTEST 1 TCK;
SDR 82 TDI (0015800000000000000003) TDO (0015500000000000000001) ;
RUNTEST 1 TCK;
SDR 82 TDI (0015840000000000000003) TDO (0015800000000000000001) ;
RUNTEST 1 TCK;
SDR 82 TDI (0015880000000000000003) TDO (0015840000000000000001) ;
RUNTEST 1 TCK;
SDR 82 TDI (00158cf00000000010fc03) TDO (0015880000000000000001) ;
RUNTEST 1 TCK;
SDR 82 TDI (0015900000000000000003) TDO (00158cf00000000010fc01) ;
RUNTEST 1 TCK;
SDR 82 TDI (0015a00000000000002003) TDO (0015900000000000000001) ;
RUNTEST 1 TCK;
SDR 82 TDI (0015a40000040000002003) TDO (0015a00000000000002001) ;
RUNTEST 1 TCK;
SDR 82 TDI (0015a80000000000000003) TDO (0015a40000040000002001) ;
RUNTEST 1 TCK;
SDR 82 TDI (0015ace00000040000d803) TDO (0015a80000000000000001) ;
RUNTEST 1 TCK;
SDR 82 TDI (0015b00000000000000003) TDO (0015ace00000040000d801) ;
RUNTEST 1 TCK;
SDR 82 TDI (0015c08000000000000003) TDO (0015b00000000000000001) ;
RUNTEST 1 TCK;
SDR 82 TDI (0015c40000000000000003) TDO (0015c08000000000000001) ;
RUNTEST 1 TCK;
SDR 82 TDI (0015c80000000000000003) TDO (0015c40000000000000001) ;
RUNTEST 1 TCK;
SDR 82 TDI (0015cc400000040000f803) TDO (0015c80000000000000001) ;
RUNTEST 1 TCK;
SDR 82 TDI (0015d00000000000000003) TDO (0015cc400000040000f801) ;
RUNTEST 1 TCK;
SDR 82 TDI (0016000000000020000003) TDO (0015d00000000000000001) ;
RUNTEST 1 TCK;
SDR 82 TDI (0016040002000301020203) TDO (0016000000000020000001) ;
RUNTEST 1 TCK;
SDR 82 TDI (00160a0002000200020203) TDO (0016040002000301020201) ;
RUNTEST 1 TCK;
SDR 82 TDI (00160c0000000000000003) TDO (00160a0002000200020201) ;
RUNTEST 1 TCK;
SDR 82 TDI (0016100003010101000203) TDO (00160c0000000000000001) ;
RUNTEST 1 TCK;
SDR 82 TDI (0016210003000000000203) TDO (0016100003010101000201) ;
RUNTEST 1 TCK;
SDR 82 TDI (0016240000000000000003) TDO (0016210003000000000201) ;
RUNTEST 1 TCK;
SDR 82 TDI (0016280003020000000103) TDO (0016240000000000000001) ;
RUNTEST 1 TCK;
SDR 82 TDI (00162d0001000000000103) TDO (0016280003020000000101) ;
RUNTEST 1 TCK;
SDR 82 TDI (0016300000000000000003) TDO (00162d0001000000000101) ;
RUNTEST 1 TCK;
SDR 82 TDI (0016400000000010000003) TDO (0016300000000000000001) ;
RUNTEST 1 TCK;
SDR 82 TDI (0016440000000000000003) TDO (0016400000000010000001) ;
RUNTEST 1 TCK;
SDR 82 TDI (0016480000000000000003) TDO (0016440000000000000001) ;
RUNTEST 1 TCK;
SDR 82 TDI (00164c0000000000000003) TDO (0016480000000000000001) ;
RUNTEST 1 TCK;
SDR 82 TDI (0016500000000000000003) TDO (00164c0000000000000001) ;
RUNTEST 1 TCK;
SDR 82 TDI (0016830303ff0303030107) TDO (0016500000000000000001) ;
RUNTEST 1 TCK;
SDR 82 TDI (0016870303230303030303) TDO (0016830303ff0303030105) ;
RUNTEST 1 TCK;
SDR 82 TDI (00168b0303330383030343) TDO (0016870303230303030301) ;
RUNTEST 1 TCK;
SDR 82 TDI (00168f0303030303030243) TDO (00168b0303330383030341) ;
RUNTEST 1 TCK;
SDR 82 TDI (0016930303020303030203) TDO (00168f0303030303030241) ;
RUNTEST 1 TCK;
SDR 82 TDI (0016a30303070333030203) TDO (0016930303020303030201) ;
RUNTEST 1 TCK;
SDR 82 TDI (0016a703030303030f0203) TDO (0016a30303070333030201) ;
RUNTEST 1 TCK;
SDR 82 TDI (0016ab0303030303030133) TDO (0016a703030303030f0201) ;
RUNTEST 1 TCK;
SDR 82 TDI (0016af0303030303030133) TDO (0016ab0303030303030131) ;
RUNTEST 1 TCK;
SDR 82 TDI (0016b00000000004000073) TDO (0016af0303030303030131) ;
RUNTEST 1 TCK;
SDR 82 TDI (0016c020008400a0000003) TDO (0016b00000000004000071) ;
RUNTEST 1 TCK;
SDR 82 TDI (0016c40000000080000007) TDO (0016c020008400a0000001) ;
RUNTEST 1 TCK;
SDR 82 TDI (0016c80000000088000017) TDO (0016c40000000080000005) ;
RUNTEST 1 TCK;
SDR 82 TDI (0016cc0000000080000053) TDO (0016c80000000088000015) ;
RUNTEST 1 TCK;
SDR 82 TDI (0016d00000000080000073) TDO (0016cc0000000080000051) ;
RUNTEST 1 TCK;
SDR 82 TDI (0017010303030303020103) TDO (0016d00000000080000071) ;
RUNTEST 1 TCK;
SDR 82 TDI (0017050303030303030303) TDO (0017010303030303020101) ;
RUNTEST 1 TCK;
SDR 82 TDI (0017090203020303030303) TDO (0017050303030303030301) ;
RUNTEST 1 TCK;
SDR 82 TDI (00170d0303030303030203) TDO (0017090203020303030301) ;
RUNTEST 1 TCK;
SDR 82 TDI (0017110203030303030203) TDO (00170d0303030303030201) ;
RUNTEST 1 TCK;
SDR 82 TDI (0017210303030303030203) TDO (0017110203030303030201) ;
RUNTEST 1 TCK;
SDR 82 TDI (0017250b43030323030003) TDO (0017210303030303030201) ;
RUNTEST 1 TCK;
SDR 82 TDI (0017280303030303030103) TDO (0017250b43030323030001) ;
RUNTEST 1 TCK;
SDR 82 TDI (00172c0303030303030103) TDO (0017280303030303030101) ;
RUNTEST 1 TCK;
SDR 82 TDI (0017300000000000000003) TDO (00172c0303030303030101) ;
RUNTEST 1 TCK;
SDR 82 TDI (0017400000000000000003) TDO (0017300000000000000001) ;
RUNTEST 1 TCK;
SDR 82 TDI (0017440000000000000003) TDO (0017400000000000000001) ;
RUNTEST 1 TCK;
SDR 82 TDI (0017480000000000000003) TDO (0017440000000000000001) ;
RUNTEST 1 TCK;
SDR 82 TDI (00174c0000000000000003) TDO (0017480000000000000001) ;
RUNTEST 1 TCK;
SDR 82 TDI (0017500000000000000003) TDO (00174c0000000000000001) ;
RUNTEST 1 TCK;
SDR 82 TDI (00178101021d0101020047) TDO (0017500000000000000001) ;
RUNTEST 1 TCK;
SDR 82 TDI (0017850100020121a00243) TDO (00178101021d0101020045) ;
RUNTEST 1 TCK;
SDR 82 TDI (0017890002120101120343) TDO (0017850100020121a00241) ;
RUNTEST 1 TCK;
SDR 82 TDI (00178d0000030101020243) TDO (0017890002120101120341) ;
RUNTEST 1 TCK;
SDR 82 TDI (0017910102020101020203) TDO (00178d0000030101020241) ;
RUNTEST 1 TCK;
SDR 82 TDI (0017a10b03060101020203) TDO (0017910102020101020201) ;
RUNTEST 1 TCK;
SDR 82 TDI (0017a40201020201c30007) TDO (0017a10b03060101020201) ;
RUNTEST 1 TCK;
SDR 82 TDI (0017a90002020200030173) TDO (0017a40201020201c30005) ;
RUNTEST 1 TCK;
SDR 82 TDI (0017ac0200020200030173) TDO (0017a90002020200030171) ;
RUNTEST 1 TCK;
SDR 82 TDI (0017b00000000000000073) TDO (0017ac0200020200030171) ;
RUNTEST 1 TCK;
SDR 82 TDI (0017c00000040000000043) TDO (0017b00000000000000071) ;
RUNTEST 1 TCK;
SDR 82 TDI (0017c40000000000200007) TDO (0017c00000040000000041) ;
RUNTEST 1 TCK;
SDR 82 TDI (0017c80000000000000077) TDO (0017c40000000000200005) ;
RUNTEST 1 TCK;
SDR 82 TDI (0017cc0000000000000073) TDO (0017c80000000000000075) ;
RUNTEST 1 TCK;
SDR 82 TDI (0017d00000000000000073) TDO (0017cc0000000000000071) ;
RUNTEST 1 TCK;
SDR 82 TDI (0018030300034303030003) TDO (0017d00000000000000071) ;
RUNTEST 1 TCK;
SDR 82 TDI (0018070200030103000203) TDO (0018030300034303030001) ;
RUNTEST 1 TCK;
SDR 82 TDI (0018090202030103020203) TDO (0018070200030103000201) ;
RUNTEST 1 TCK;
SDR 82 TDI (00180f0202020203030203) TDO (0018090202030103020201) ;
RUNTEST 1 TCK;
SDR 82 TDI (0018130202020303030203) TDO (00180f0202020203030201) ;
RUNTEST 1 TCK;
SDR 82 TDI (0018230203030203030203) TDO (0018130202020303030201) ;
RUNTEST 1 TCK;
SDR 82 TDI (0018270302030203030003) TDO (0018230203030203030201) ;
RUNTEST 1 TCK;
SDR 82 TDI (00182a0102030203030103) TDO (0018270302030203030001) ;
RUNTEST 1 TCK;
SDR 82 TDI (00182c0302030303030103) TDO (00182a0102030203030101) ;
RUNTEST 1 TCK;
SDR 82 TDI (0018300000000000000003) TDO (00182c0302030303030101) ;
RUNTEST 1 TCK;
SDR 82 TDI (0018400000000000000003) TDO (0018300000000000000001) ;
RUNTEST 1 TCK;
SDR 82 TDI (0018440000000000000003) TDO (0018400000000000000001) ;
RUNTEST 1 TCK;
SDR 82 TDI (0018480000000000000003) TDO (0018440000000000000001) ;
RUNTEST 1 TCK;
SDR 82 TDI (00184c0000000000000003) TDO (0018480000000000000001) ;
RUNTEST 1 TCK;
SDR 82 TDI (0018500000000000000003) TDO (00184c0000000000000001) ;
RUNTEST 1 TCK;
SDR 82 TDI (00188101000101011c0007) TDO (0018500000000000000001) ;
RUNTEST 1 TCK;
SDR 82 TDI (0018850000020101000203) TDO (00188101000101011c0005) ;
RUNTEST 1 TCK;
SDR 82 TDI (0018890000020081040243) TDO (0018850000020101000201) ;
RUNTEST 1 TCK;
SDR 82 TDI (00188d00000200010c0043) TDO (0018890000020081040241) ;
RUNTEST 1 TCK;
SDR 82 TDI (00189100000201010c0203) TDO (00188d00000200010c0041) ;
RUNTEST 1 TCK;
SDR 82 TDI (0018a00201020031100203) TDO (00189100000201010c0201) ;
RUNTEST 1 TCK;
SDR 82 TDI (0018a40200420000000003) TDO (0018a00201020031100201) ;
RUNTEST 1 TCK;
SDR 82 TDI (0018a80000020200000133) TDO (0018a40200420000000001) ;
RUNTEST 1 TCK;
SDR 82 TDI (0018ac0200020200020133) TDO (0018a80000020200000131) ;
RUNTEST 1 TCK;
SDR 82 TDI (0018b00000000004000073) TDO (0018ac0200020200020131) ;
RUNTEST 1 TCK;
SDR 82 TDI (0018c000000000a00c0003) TDO (0018b00000000004000071) ;
RUNTEST 1 TCK;
SDR 82 TDI (0018c40000000080080007) TDO (0018c000000000a00c0001) ;
RUNTEST 1 TCK;
SDR 82 TDI (0018c800000000880c0017) TDO (0018c40000000080080005) ;
RUNTEST 1 TCK;
SDR 82 TDI (0018cc00000000800c0053) TDO (0018c800000000880c0015) ;
RUNTEST 1 TCK;
SDR 82 TDI (0018d000000000800c0073) TDO (0018cc00000000800c0051) ;
RUNTEST 1 TCK;
SDR 82 TDI (0019010101020100000303) TDO (0018d000000000800c0071) ;
RUNTEST 1 TCK;
SDR 82 TDI (0019060201010000010203) TDO (0019010101020100000301) ;
RUNTEST 1 TCK;
SDR 82 TDI (0019080001028900000303) TDO (0019060201010000010201) ;
RUNTEST 1 TCK;
SDR 82 TDI (00190c0002000203000003) TDO (0019080001028900000301) ;
RUNTEST 1 TCK;
SDR 82 TDI (001913030101c100010303) TDO (00190c0002000203000001) ;
RUNTEST 1 TCK;
SDR 82 TDI (0019200000000000000003) TDO (001913030101c100010301) ;
RUNTEST 1 TCK;
SDR 82 TDI (0019240000000000000003) TDO (0019200000000000000001) ;
RUNTEST 1 TCK;
SDR 82 TDI (0019280000000000000003) TDO (0019240000000000000001) ;
RUNTEST 1 TCK;
SDR 82 TDI (00192c0000002000000003) TDO (0019280000000000000001) ;
RUNTEST 1 TCK;
SDR 82 TDI (0019300000002000000003) TDO (00192c0000002000000001) ;
RUNTEST 1 TCK;
SDR 82 TDI (0019400000000000000003) TDO (0019300000002000000001) ;
RUNTEST 1 TCK;
SDR 82 TDI (0019440000000000000003) TDO (0019400000000000000001) ;
RUNTEST 1 TCK;
SDR 82 TDI (0019480000000000000003) TDO (0019440000000000000001) ;
RUNTEST 1 TCK;
SDR 82 TDI (00194c0000008000000003) TDO (0019480000000000000001) ;
RUNTEST 1 TCK;
SDR 82 TDI (0019500000002000000003) TDO (00194c0000008000000001) ;
RUNTEST 1 TCK;
SDR 82 TDI (0019820d021e02c2dc0247) TDO (0019500000002000000001) ;
RUNTEST 1 TCK;
SDR 82 TDI (0019860103030303050243) TDO (0019820d021e02c2dc0245) ;
RUNTEST 1 TCK;
SDR 82 TDI (00198b01031003830c0243) TDO (0019860103030303050241) ;
RUNTEST 1 TCK;
SDR 82 TDI (00198c00000000000c0043) TDO (00198b01031003830c0241) ;
RUNTEST 1 TCK;
SDR 82 TDI (00199101000301000d0103) TDO (00198c00000000000c0041) ;
RUNTEST 1 TCK;
SDR 82 TDI (0019a00000040070f00003) TDO (00199101000301000d0101) ;
RUNTEST 1 TCK;
SDR 82 TDI (0019a40000000080000007) TDO (0019a00000040070f00001) ;
RUNTEST 1 TCK;
SDR 82 TDI (0019a800000000800c0073) TDO (0019a40000000080000005) ;
RUNTEST 1 TCK;
SDR 82 TDI (0019ac00000000800c0073) TDO (0019a800000000800c0071) ;
RUNTEST 1 TCK;
SDR 82 TDI (0019b000000000840c0073) TDO (0019ac00000000800c0071) ;
RUNTEST 1 TCK;
SDR 82 TDI (0019c004000420e0ec0043) TDO (0019b000000000840c0071) ;
RUNTEST 1 TCK;
SDR 82 TDI (0019c40000000080080007) TDO (0019c004000420e0ec0041) ;
RUNTEST 1 TCK;
SDR 82 TDI (0019c800000000880c0077) TDO (0019c40000000080080005) ;
RUNTEST 1 TCK;
SDR 82 TDI (0019cc00000000800c0073) TDO (0019c800000000880c0075) ;
RUNTEST 1 TCK;
SDR 82 TDI (0019d000000000800c0073) TDO (0019cc00000000800c0071) ;
RUNTEST 1 TCK;
SDR 82 TDI (001a010000010003000003) TDO (0019d000000000800c0071) ;
RUNTEST 1 TCK;
SDR 82 TDI (001a050101010100000003) TDO (001a010000010003000001) ;
RUNTEST 1 TCK;
SDR 82 TDI (001a080101000102010003) TDO (001a050101010100000001) ;
RUNTEST 1 TCK;
SDR 82 TDI (001a0e0002020200000203) TDO (001a080101000102010001) ;
RUNTEST 1 TCK;
SDR 82 TDI (001a100000010103010103) TDO (001a0e0002020200000201) ;
RUNTEST 1 TCK;
SDR 82 TDI (001a200000000000000003) TDO (001a100000010103010101) ;
RUNTEST 1 TCK;
SDR 82 TDI (001a240000000000000003) TDO (001a200000000000000001) ;
RUNTEST 1 TCK;
SDR 82 TDI (001a280000000000000003) TDO (001a240000000000000001) ;
RUNTEST 1 TCK;
SDR 82 TDI (001a2c0000000000000003) TDO (001a280000000000000001) ;
RUNTEST 1 TCK;
SDR 82 TDI (001a300000000000000003) TDO (001a2c0000000000000001) ;
RUNTEST 1 TCK;
SDR 82 TDI (001a400000000000000003) TDO (001a300000000000000001) ;
RUNTEST 1 TCK;
SDR 82 TDI (001a440000000000000003) TDO (001a400000000000000001) ;
RUNTEST 1 TCK;
SDR 82 TDI (001a480000000000000003) TDO (001a440000000000000001) ;
RUNTEST 1 TCK;
SDR 82 TDI (001a4c0000000000000003) TDO (001a480000000000000001) ;
RUNTEST 1 TCK;
SDR 82 TDI (001a500000000000000003) TDO (001a4c0000000000000001) ;
RUNTEST 1 TCK;
SDR 82 TDI (001a8001030000213c0007) TDO (001a500000000000000001) ;
RUNTEST 1 TCK;
SDR 82 TDI (001a840301030300002303) TDO (001a8001030000213c0005) ;
RUNTEST 1 TCK;
SDR 82 TDI (001a8b0201020180050243) TDO (001a840301030300002301) ;
RUNTEST 1 TCK;
SDR 82 TDI (001a8c00000000000c0043) TDO (001a8b0201020180050241) ;
RUNTEST 1 TCK;
SDR 82 TDI (001a9301030103010d0303) TDO (001a8c00000000000c0041) ;
RUNTEST 1 TCK;
SDR 82 TDI (001aa00000000030100003) TDO (001a9301030103010d0301) ;
RUNTEST 1 TCK;
SDR 82 TDI (001aa40000000000000003) TDO (001aa00000000030100001) ;
RUNTEST 1 TCK;
SDR 82 TDI (001aa80000000000000033) TDO (001aa40000000000000001) ;
RUNTEST 1 TCK;
SDR 82 TDI (001aac0000000000000033) TDO (001aa80000000000000031) ;
RUNTEST 1 TCK;
SDR 82 TDI (001ab00000000004000073) TDO (001aac0000000000000031) ;
RUNTEST 1 TCK;
SDR 82 TDI (001ac000000000b01c0003) TDO (001ab00000000004000071) ;
RUNTEST 1 TCK;
SDR 82 TDI (001ac40000200080080007) TDO (001ac000000000b01c0001) ;
RUNTEST 1 TCK;
SDR 82 TDI (001ac800000000880c0017) TDO (001ac40000200080080005) ;
RUNTEST 1 TCK;
SDR 82 TDI (001acc00000000800c0053) TDO (001ac800000000880c0015) ;
RUNTEST 1 TCK;
SDR 82 TDI (001ad000000000800c0073) TDO (001acc00000000800c0051) ;
RUNTEST 1 TCK;
SDR 82 TDI (001b01000201000b000003) TDO (001ad000000000800c0071) ;
RUNTEST 1 TCK;
SDR 82 TDI (001b050009010103000203) TDO (001b01000201000b000001) ;
RUNTEST 1 TCK;
SDR 82 TDI (001b08000301010f010003) TDO (001b050009010103000201) ;
RUNTEST 1 TCK;
SDR 82 TDI (001b0c0000000000000003) TDO (001b08000301010f010001) ;
RUNTEST 1 TCK;
SDR 82 TDI (001b110086010007010203) TDO (001b0c0000000000000001) ;
RUNTEST 1 TCK;
SDR 82 TDI (001b200000380000000003) TDO (001b110086010007010201) ;
RUNTEST 1 TCK;
SDR 82 TDI (001b240000c80004000003) TDO (001b200000380000000001) ;
RUNTEST 1 TCK;
SDR 82 TDI (001b280000000000000003) TDO (001b240000c80004000001) ;
RUNTEST 1 TCK;
SDR 82 TDI (001b2c0000c0000c000043) TDO (001b280000000000000001) ;
RUNTEST 1 TCK;
SDR 82 TDI (001b300400000000000003) TDO (001b2c0000c0000c000041) ;
RUNTEST 1 TCK;
SDR 82 TDI (001b400000100000000003) TDO (001b300400000000000001) ;
RUNTEST 1 TCK;
SDR 82 TDI (001b44000060000c000003) TDO (001b400000100000000001) ;
RUNTEST 1 TCK;
SDR 82 TDI (001b480008080000000003) TDO (001b44000060000c000001) ;
RUNTEST 1 TCK;
SDR 82 TDI (001b4c0040600004000003) TDO (001b480008080000000001) ;
RUNTEST 1 TCK;
SDR 82 TDI (001b500080000000000003) TDO (001b4c0040600004000001) ;
RUNTEST 1 TCK;
SDR 82 TDI (001b810102fd32233c0203) TDO (001b500080000000000001) ;
RUNTEST 1 TCK;
SDR 82 TDI (001b85010321030e000303) TDO (001b810102fd32233c0201) ;
RUNTEST 1 TCK;
SDR 82 TDI (001b880003310382050203) TDO (001b85010321030e000301) ;
RUNTEST 1 TCK;
SDR 82 TDI (001b8e00000200040c0003) TDO (001b880003310382050201) ;
RUNTEST 1 TCK;
SDR 82 TDI (001b9109000000010d0103) TDO (001b8e00000200040c0001) ;
RUNTEST 1 TCK;
SDR 82 TDI (001ba00000c41034100003) TDO (001b9109000000010d0101) ;
RUNTEST 1 TCK;
SDR 82 TDI (001ba40000300000000003) TDO (001ba00000c41034100001) ;
RUNTEST 1 TCK;
SDR 82 TDI (001ba80000c0000c000003) TDO (001ba40000300000000001) ;
RUNTEST 1 TCK;
SDR 82 TDI (001bac0000000000000003) TDO (001ba80000c0000c000001) ;
RUNTEST 1 TCK;
SDR 82 TDI (001bb0000000000c000003) TDO (001bac0000000000000001) ;
RUNTEST 1 TCK;
SDR 82 TDI (001bc00000e418bc1c0003) TDO (001bb0000000000c000001) ;
RUNTEST 1 TCK;
SDR 82 TDI (001bc40000180080080003) TDO (001bc00000e418bc1c0001) ;
RUNTEST 1 TCK;
SDR 82 TDI (001bc8000060008c0c0003) TDO (001bc40000180080080001) ;
RUNTEST 1 TCK;
SDR 82 TDI (001bcc00000800800c0003) TDO (001bc8000060008c0c0001) ;
RUNTEST 1 TCK;
SDR 82 TDI (001bd000000880800c0003) TDO (001bcc00000800800c0001) ;
RUNTEST 1 TCK;
SDR 82 TDI (001c000100030001150007) TDO (001bd000000880800c0001) ;
RUNTEST 1 TCK;
SDR 82 TDI (001c060003030102010303) TDO (001c000100030001150005) ;
RUNTEST 1 TCK;
SDR 82 TDI (001c090102018982060243) TDO (001c060003030102010301) ;
RUNTEST 1 TCK;
SDR 82 TDI (001c0c0000000200080003) TDO (001c090102018982060241) ;
RUNTEST 1 TCK;
SDR 82 TDI (001c13010103c101070103) TDO (001c0c0000000200080001) ;
RUNTEST 1 TCK;
SDR 82 TDI (001c200000000020100003) TDO (001c13010103c101070101) ;
RUNTEST 1 TCK;
SDR 82 TDI (001c240000000000000003) TDO (001c200000000020100001) ;
RUNTEST 1 TCK;
SDR 82 TDI (001c280000000000000033) TDO (001c240000000000000001) ;
RUNTEST 1 TCK;
SDR 82 TDI (001c2c0000002000000033) TDO (001c280000000000000031) ;
RUNTEST 1 TCK;
SDR 82 TDI (001c300000000000000043) TDO (001c2c0000002000000031) ;
RUNTEST 1 TCK;
SDR 82 TDI (001c400000000020040003) TDO (001c300000000000000041) ;
RUNTEST 1 TCK;
SDR 82 TDI (001c440000000080080007) TDO (001c400000000020040001) ;
RUNTEST 1 TCK;
SDR 82 TDI (001c4800000000800c0013) TDO (001c440000000080080005) ;
RUNTEST 1 TCK;
SDR 82 TDI (001c4c000000a0800c0053) TDO (001c4800000000800c0011) ;
RUNTEST 1 TCK;
SDR 82 TDI (001c5000000020800c0023) TDO (001c4c000000a0800c0051) ;
RUNTEST 1 TCK;
SDR 82 TDI (001c820c021f01c3c90343) TDO (001c5000000020800c0021) ;
RUNTEST 1 TCK;
SDR 82 TDI (001c860202020202050043) TDO (001c820c021f01c3c90341) ;
RUNTEST 1 TCK;
SDR 82 TDI (001c8902020103020a0203) TDO (001c860202020202050041) ;
RUNTEST 1 TCK;
SDR 82 TDI (001c8c0000000000040043) TDO (001c8902020103020a0201) ;
RUNTEST 1 TCK;
SDR 82 TDI (001c9100000001010b0303) TDO (001c8c0000000000040041) ;
RUNTEST 1 TCK;
SDR 82 TDI (001ca00000040050e00003) TDO (001c9100000001010b0301) ;
RUNTEST 1 TCK;
SDR 82 TDI (001ca40000000080000007) TDO (001ca00000040050e00001) ;
RUNTEST 1 TCK;
SDR 82 TDI (001ca800000000800c0043) TDO (001ca40000000080000005) ;
RUNTEST 1 TCK;
SDR 82 TDI (001cac00000000800c0043) TDO (001ca800000000800c0041) ;
RUNTEST 1 TCK;
SDR 82 TDI (001cb000000000840c0033) TDO (001cac00000000800c0041) ;
RUNTEST 1 TCK;
SDR 82 TDI (001cc004000400c0e80043) TDO (001cb000000000840c0031) ;
RUNTEST 1 TCK;
SDR 82 TDI (001cc40000000000000003) TDO (001cc004000400c0e80041) ;
RUNTEST 1 TCK;
SDR 82 TDI (001cc80000000008000067) TDO (001cc40000000000000001) ;
RUNTEST 1 TCK;
SDR 82 TDI (001ccc0000000000000023) TDO (001cc80000000008000065) ;
RUNTEST 1 TCK;
SDR 82 TDI (001cd00000000000000053) TDO (001ccc0000000000000021) ;
RUNTEST 1 TCK;
SDR 82 TDI (001d000000000000010007) TDO (001cd00000000000000051) ;
RUNTEST 1 TCK;
SDR 82 TDI (001d040000020100110043) TDO (001d000000000000010005) ;
RUNTEST 1 TCK;
SDR 82 TDI (001d090002000282000243) TDO (001d040000020100110041) ;
RUNTEST 1 TCK;
SDR 82 TDI (001d0c0401012081000103) TDO (001d090002000282000241) ;
RUNTEST 1 TCK;
SDR 82 TDI (001d110000020100050003) TDO (001d0c0401012081000101) ;
RUNTEST 1 TCK;
SDR 82 TDI (001d200000000020000003) TDO (001d110000020100050001) ;
RUNTEST 1 TCK;
SDR 82 TDI (001d240000000000000003) TDO (001d200000000020000001) ;
RUNTEST 1 TCK;
SDR 82 TDI (001d280000000000000033) TDO (001d240000000000000001) ;
RUNTEST 1 TCK;
SDR 82 TDI (001d2c0000000080000073) TDO (001d280000000000000031) ;
RUNTEST 1 TCK;
SDR 82 TDI (001d300000000080000043) TDO (001d2c0000000080000071) ;
RUNTEST 1 TCK;
SDR 82 TDI (001d400000000020000003) TDO (001d300000000080000041) ;
RUNTEST 1 TCK;
SDR 82 TDI (001d440000000080080007) TDO (001d400000000020000001) ;
RUNTEST 1 TCK;
SDR 82 TDI (001d480000000080040053) TDO (001d440000000080080005) ;
RUNTEST 1 TCK;
SDR 82 TDI (001d4c04000010c0080073) TDO (001d480000000080040051) ;
RUNTEST 1 TCK;
SDR 82 TDI (001d500000000080000023) TDO (001d4c04000010c0080071) ;
RUNTEST 1 TCK;
SDR 82 TDI (001d8103031f0302010343) TDO (001d500000000080000021) ;
RUNTEST 1 TCK;
SDR 82 TDI (001d850000000103010103) TDO (001d8103031f0302010341) ;
RUNTEST 1 TCK;
SDR 82 TDI (001d890303030301000303) TDO (001d850000000103010101) ;
RUNTEST 1 TCK;
SDR 82 TDI (001d8e0800001040000043) TDO (001d890303030301000301) ;
RUNTEST 1 TCK;
SDR 82 TDI (001d900002000001010003) TDO (001d8e0800001040000041) ;
RUNTEST 1 TCK;
SDR 82 TDI (001da00000040010000003) TDO (001d900002000001010001) ;
RUNTEST 1 TCK;
SDR 82 TDI (001da40000000080100003) TDO (001da00000040010000001) ;
RUNTEST 1 TCK;
SDR 82 TDI (001da80000000080000043) TDO (001da40000000080100001) ;
RUNTEST 1 TCK;
SDR 82 TDI (001dac0000001040000003) TDO (001da80000000080000041) ;
RUNTEST 1 TCK;
SDR 82 TDI (001db00000000004000033) TDO (001dac0000001040000001) ;
RUNTEST 1 TCK;
SDR 82 TDI (001dc00000040080000043) TDO (001db00000000004000031) ;
RUNTEST 1 TCK;
SDR 82 TDI (001dc40000000000000003) TDO (001dc00000040080000041) ;
RUNTEST 1 TCK;
SDR 82 TDI (001dc80000000008000027) TDO (001dc40000000000000001) ;
RUNTEST 1 TCK;
SDR 82 TDI (001dcc0000000800000003) TDO (001dc80000000008000025) ;
RUNTEST 1 TCK;
SDR 82 TDI (001dd000000000000c0053) TDO (001dcc0000000800000001) ;
RUNTEST 1 TCK;
SDR 82 TDI (001e000003000303000303) TDO (001dd000000000000c0051) ;
RUNTEST 1 TCK;
SDR 82 TDI (001e070022030002000203) TDO (001e000003000303000301) ;
RUNTEST 1 TCK;
SDR 82 TDI (001e080002000102030303) TDO (001e070022030002000201) ;
RUNTEST 1 TCK;
SDR 82 TDI (001e0c0000000000000003) TDO (001e080002000102030301) ;
RUNTEST 1 TCK;
SDR 82 TDI (001e130003030201030203) TDO (001e0c0000000000000001) ;
RUNTEST 1 TCK;
SDR 82 TDI (001e200000000000000003) TDO (001e130003030201030201) ;
RUNTEST 1 TCK;
SDR 82 TDI (001e240000000000000003) TDO (001e200000000000000001) ;
RUNTEST 1 TCK;
SDR 82 TDI (001e280000000000000003) TDO (001e240000000000000001) ;
RUNTEST 1 TCK;
SDR 82 TDI (001e2c0000000000000003) TDO (001e280000000000000001) ;
RUNTEST 1 TCK;
SDR 82 TDI (001e300000000000000003) TDO (001e2c0000000000000001) ;
RUNTEST 1 TCK;
SDR 82 TDI (001e400000004000000003) TDO (001e300000000000000001) ;
RUNTEST 1 TCK;
SDR 82 TDI (001e440000000000000003) TDO (001e400000004000000001) ;
RUNTEST 1 TCK;
SDR 82 TDI (001e480000000000000003) TDO (001e440000000000000001) ;
RUNTEST 1 TCK;
SDR 82 TDI (001e4c0000000000000003) TDO (001e480000000000000001) ;
RUNTEST 1 TCK;
SDR 82 TDI (001e500000000000000003) TDO (001e4c0000000000000001) ;
RUNTEST 1 TCK;
SDR 82 TDI (001e820202200301000003) TDO (001e500000000000000001) ;
RUNTEST 1 TCK;
SDR 82 TDI (001e870300202000000003) TDO (001e820202200301000001) ;
RUNTEST 1 TCK;
SDR 82 TDI (001e8a0202200100030003) TDO (001e870300202000000001) ;
RUNTEST 1 TCK;
SDR 82 TDI (001e8c0000000000000043) TDO (001e8a0202200100030001) ;
RUNTEST 1 TCK;
SDR 82 TDI (001e930302000301030003) TDO (001e8c0000000000000041) ;
RUNTEST 1 TCK;
SDR 82 TDI (001ea04000000000000003) TDO (001e930302000301030001) ;
RUNTEST 1 TCK;
SDR 82 TDI (001ea40000001000000003) TDO (001ea04000000000000001) ;
RUNTEST 1 TCK;
SDR 82 TDI (001ea80000000000000003) TDO (001ea40000001000000001) ;
RUNTEST 1 TCK;
SDR 82 TDI (001eac0000000000000003) TDO (001ea80000000000000001) ;
RUNTEST 1 TCK;
SDR 82 TDI (001eb00000000000000003) TDO (001eac0000000000000001) ;
RUNTEST 1 TCK;
SDR 82 TDI (001ec00000000000000003) TDO (001eb00000000000000001) ;
RUNTEST 1 TCK;
SDR 82 TDI (001ec40000101800000003) TDO (001ec00000000000000001) ;
RUNTEST 1 TCK;
SDR 82 TDI (001ec80000000000000003) TDO (001ec40000101800000001) ;
RUNTEST 1 TCK;
SDR 82 TDI (001ecc0000000004000003) TDO (001ec80000000000000001) ;
RUNTEST 1 TCK;
SDR 82 TDI (001ed00000000000000003) TDO (001ecc0000000004000001) ;
RUNTEST 1 TCK;
SDR 82 TDI (001f020002000101010303) TDO (001ed00000000000000001) ;
RUNTEST 1 TCK;
SDR 82 TDI (001f060303010000030343) TDO (001f020002000101010301) ;
RUNTEST 1 TCK;
SDR 82 TDI (001f090201030100000103) TDO (001f060303010000030341) ;
RUNTEST 1 TCK;
SDR 82 TDI (001f0c0000000202000003) TDO (001f090201030100000101) ;
RUNTEST 1 TCK;
SDR 82 TDI (001f130101020101030103) TDO (001f0c0000000202000001) ;
RUNTEST 1 TCK;
SDR 82 TDI (001f200000000000040003) TDO (001f130101020101030101) ;
RUNTEST 1 TCK;
SDR 82 TDI (001f240000000000000003) TDO (001f200000000000040001) ;
RUNTEST 1 TCK;
SDR 82 TDI (001f280000000000000003) TDO (001f240000000000000001) ;
RUNTEST 1 TCK;
SDR 82 TDI (001f2c0000000000000003) TDO (001f280000000000000001) ;
RUNTEST 1 TCK;
SDR 82 TDI (001f300000000000000003) TDO (001f2c0000000000000001) ;
RUNTEST 1 TCK;
SDR 82 TDI (001f400000000000000003) TDO (001f300000000000000001) ;
RUNTEST 1 TCK;
SDR 82 TDI (001f440000000000000003) TDO (001f400000000000000001) ;
RUNTEST 1 TCK;
SDR 82 TDI (001f480000000000000003) TDO (001f440000000000000001) ;
RUNTEST 1 TCK;
SDR 82 TDI (001f4c0000000000000003) TDO (001f480000000000000001) ;
RUNTEST 1 TCK;
SDR 82 TDI (001f500000000000000003) TDO (001f4c0000000000000001) ;
RUNTEST 1 TCK;
SDR 82 TDI (001f820200010200010003) TDO (001f500000000000000001) ;
RUNTEST 1 TCK;
SDR 82 TDI (001f840202020000010203) TDO (001f820200010200010001) ;
RUNTEST 1 TCK;
SDR 82 TDI (001f8b0002010200000003) TDO (001f840202020000010201) ;
RUNTEST 1 TCK;
SDR 82 TDI (001f8c0001000101000103) TDO (001f8b0002010200000001) ;
RUNTEST 1 TCK;
SDR 82 TDI (001f910202020002010203) TDO (001f8c0001000101000101) ;
RUNTEST 1 TCK;
SDR 82 TDI (001fa00000000000000003) TDO (001f910202020002010201) ;
RUNTEST 1 TCK;
SDR 82 TDI (001fa40000000000000003) TDO (001fa00000000000000001) ;
RUNTEST 1 TCK;
SDR 82 TDI (001fa80000000000000003) TDO (001fa40000000000000001) ;
RUNTEST 1 TCK;
SDR 82 TDI (001fac0000000000000003) TDO (001fa80000000000000001) ;
RUNTEST 1 TCK;
SDR 82 TDI (001fb00000000000000003) TDO (001fac0000000000000001) ;
RUNTEST 1 TCK;
SDR 82 TDI (001fc00000000000000003) TDO (001fb00000000000000001) ;
RUNTEST 1 TCK;
SDR 82 TDI (001fc40000000000000003) TDO (001fc00000000000000001) ;
RUNTEST 1 TCK;
SDR 82 TDI (001fc80000400000000003) TDO (001fc40000000000000001) ;
RUNTEST 1 TCK;
SDR 82 TDI (001fcc0000000000000003) TDO (001fc80000400000000001) ;
RUNTEST 1 TCK;
SDR 82 TDI (001fd00000000000000003) TDO (001fcc0000000000000001) ;
RUNTEST 1 TCK;
SDR 82 TDI (0020000103200103010203) TDO (001fd00000000000000001) ;
RUNTEST 1 TCK;
SDR 82 TDI (0020060100030200010103) TDO (0020000103200103010201) ;
RUNTEST 1 TCK;
SDR 82 TDI (00200b0003020302000203) TDO (0020060100030200010101) ;
RUNTEST 1 TCK;
SDR 82 TDI (00200c0000000000000003) TDO (00200b0003020302000201) ;
RUNTEST 1 TCK;
SDR 82 TDI (0020110102010101000103) TDO (00200c0000000000000001) ;
RUNTEST 1 TCK;
SDR 82 TDI (0020200000000000000003) TDO (0020110102010101000101) ;
RUNTEST 1 TCK;
SDR 82 TDI (0020240000000000000003) TDO (0020200000000000000001) ;
RUNTEST 1 TCK;
SDR 82 TDI (0020280000000000000003) TDO (0020240000000000000001) ;
RUNTEST 1 TCK;
SDR 82 TDI (00202c0000000000000003) TDO (0020280000000000000001) ;
RUNTEST 1 TCK;
SDR 82 TDI (0020300000000000000003) TDO (00202c0000000000000001) ;
RUNTEST 1 TCK;
SDR 82 TDI (0020400000000000000003) TDO (0020300000000000000001) ;
RUNTEST 1 TCK;
SDR 82 TDI (0020440000000000000003) TDO (0020400000000000000001) ;
RUNTEST 1 TCK;
SDR 82 TDI (0020480000000000000003) TDO (0020440000000000000001) ;
RUNTEST 1 TCK;
SDR 82 TDI (00204c0000000000000003) TDO (0020480000000000000001) ;
RUNTEST 1 TCK;
SDR 82 TDI (0020500000000000000003) TDO (00204c0000000000000001) ;
RUNTEST 1 TCK;
SDR 82 TDI (0020810d021c31011c0207) TDO (0020500000000000000001) ;
RUNTEST 1 TCK;
SDR 82 TDI (0020850101010000000303) TDO (0020810d021c31011c0205) ;
RUNTEST 1 TCK;
SDR 82 TDI (0020880001300182070243) TDO (0020850101010000000301) ;
RUNTEST 1 TCK;
SDR 82 TDI (00208c00000000000c0043) TDO (0020880001300182070241) ;
RUNTEST 1 TCK;
SDR 82 TDI (00209101030101010f0303) TDO (00208c00000000000c0041) ;
RUNTEST 1 TCK;
SDR 82 TDI (0020a00000041030100003) TDO (00209101030101010f0301) ;
RUNTEST 1 TCK;
SDR 82 TDI (0020a40000000000000003) TDO (0020a00000041030100001) ;
RUNTEST 1 TCK;
SDR 82 TDI (0020a80000000000000033) TDO (0020a40000000000000001) ;
RUNTEST 1 TCK;
SDR 82 TDI (0020ac0000000000000033) TDO (0020a80000000000000031) ;
RUNTEST 1 TCK;
SDR 82 TDI (0020b00000000004000073) TDO (0020ac0000000000000031) ;
RUNTEST 1 TCK;
SDR 82 TDI (0020c004000418a00c0003) TDO (0020b00000000004000071) ;
RUNTEST 1 TCK;
SDR 82 TDI (0020c40000000080080007) TDO (0020c004000418a00c0001) ;
RUNTEST 1 TCK;
SDR 82 TDI (0020c800000000880c0017) TDO (0020c40000000080080005) ;
RUNTEST 1 TCK;
SDR 82 TDI (0020cc00000000800c0053) TDO (0020c800000000880c0015) ;
RUNTEST 1 TCK;
SDR 82 TDI (0020d000000080800c0073) TDO (0020cc00000000800c0051) ;
RUNTEST 1 TCK;
SDR 82 TDI (0021001001000001000303) TDO (0020d000000080800c0071) ;
RUNTEST 1 TCK;
SDR 82 TDI (0021070201010100000203) TDO (0021001001000001000301) ;
RUNTEST 1 TCK;
SDR 82 TDI (0021090001018b00010303) TDO (0021070201010100000201) ;
RUNTEST 1 TCK;
SDR 82 TDI (00210c0000000080000003) TDO (0021090001018b00010301) ;
RUNTEST 1 TCK;
SDR 82 TDI (002112020000c001010303) TDO (00210c0000000080000001) ;
RUNTEST 1 TCK;
SDR 82 TDI (0021200000000020000003) TDO (002112020000c001010301) ;
RUNTEST 1 TCK;
SDR 82 TDI (0021240000000000000003) TDO (0021200000000020000001) ;
RUNTEST 1 TCK;
SDR 82 TDI (0021280000000080000003) TDO (0021240000000000000001) ;
RUNTEST 1 TCK;
SDR 82 TDI (00212c0000002040000003) TDO (0021280000000080000001) ;
RUNTEST 1 TCK;
SDR 82 TDI (0021300000000080000003) TDO (00212c0000002040000001) ;
RUNTEST 1 TCK;
SDR 82 TDI (0021400000000020000003) TDO (0021300000000080000001) ;
RUNTEST 1 TCK;
SDR 82 TDI (0021440000000080000003) TDO (0021400000000020000001) ;
RUNTEST 1 TCK;
SDR 82 TDI (0021480000000080000003) TDO (0021440000000080000001) ;
RUNTEST 1 TCK;
SDR 82 TDI (00214c000000a080000003) TDO (0021480000000080000001) ;
RUNTEST 1 TCK;
SDR 82 TDI (0021500000002080000003) TDO (00214c000000a080000001) ;
RUNTEST 1 TCK;
SDR 82 TDI (00218101011e0303dc0047) TDO (0021500000002080000001) ;
RUNTEST 1 TCK;
SDR 82 TDI (0021851100010101040343) TDO (00218101011e0303dc0045) ;
RUNTEST 1 TCK;
SDR 82 TDI (00218801001002820f0243) TDO (0021851100010101040341) ;
RUNTEST 1 TCK;
SDR 82 TDI (00218ce0000000400c0043) TDO (00218801001002820f0241) ;
RUNTEST 1 TCK;
SDR 82 TDI (00219101010302020f0303) TDO (00218ce0000000400c0041) ;
RUNTEST 1 TCK;
SDR 82 TDI (0021a00000040010f00003) TDO (00219101010302020f0301) ;
RUNTEST 1 TCK;
SDR 82 TDI (0021a40000000080000007) TDO (0021a00000040010f00001) ;
RUNTEST 1 TCK;
SDR 82 TDI (0021a800000000000c1073) TDO (0021a40000000080000005) ;
RUNTEST 1 TCK;
SDR 82 TDI (0021ace0000000800c0073) TDO (0021a800000000000c1071) ;
RUNTEST 1 TCK;
SDR 82 TDI (0021b000000000040c0073) TDO (0021ace0000000800c0071) ;
RUNTEST 1 TCK;
SDR 82 TDI (0021c00000040080ec1043) TDO (0021b000000000040c0071) ;
RUNTEST 1 TCK;
SDR 82 TDI (0021c40000000000080007) TDO (0021c00000040080ec1041) ;
RUNTEST 1 TCK;
SDR 82 TDI (0021c800000000080c0077) TDO (0021c40000000000080005) ;
RUNTEST 1 TCK;
SDR 82 TDI (0021cc40000000400c0073) TDO (0021c800000000080c0075) ;
RUNTEST 1 TCK;
SDR 82 TDI (0021d000000000000c0073) TDO (0021cc40000000400c0071) ;
RUNTEST 1 TCK;
SDR 82 TDI (0022010001c30200200203) TDO (0021d000000000000c0071) ;
RUNTEST 1 TCK;
SDR 82 TDI (0022050142030101000303) TDO (0022010001c30200200201) ;
RUNTEST 1 TCK;
SDR 82 TDI (0022090002010300000303) TDO (0022050142030101000301) ;
RUNTEST 1 TCK;
SDR 82 TDI (00220c0000000000000003) TDO (0022090002010300000301) ;
RUNTEST 1 TCK;
SDR 82 TDI (0022110103020301000303) TDO (00220c0000000000000001) ;
RUNTEST 1 TCK;
SDR 82 TDI (0022200000000000000003) TDO (0022110103020301000301) ;
RUNTEST 1 TCK;
SDR 82 TDI (0022240000000000000003) TDO (0022200000000000000001) ;
RUNTEST 1 TCK;
SDR 82 TDI (0022280000000000000003) TDO (0022240000000000000001) ;
RUNTEST 1 TCK;
SDR 82 TDI (00222c0000000000000003) TDO (0022280000000000000001) ;
RUNTEST 1 TCK;
SDR 82 TDI (0022300000000000000003) TDO (00222c0000000000000001) ;
RUNTEST 1 TCK;
SDR 82 TDI (0022400000800000100003) TDO (0022300000000000000001) ;
RUNTEST 1 TCK;
SDR 82 TDI (0022440000000020000003) TDO (0022400000800000100001) ;
RUNTEST 1 TCK;
SDR 82 TDI (0022480000000000000003) TDO (0022440000000020000001) ;
RUNTEST 1 TCK;
SDR 82 TDI (00224c0000000000000003) TDO (0022480000000000000001) ;
RUNTEST 1 TCK;
SDR 82 TDI (0022500000000000000003) TDO (00224c0000000000000001) ;
RUNTEST 1 TCK;
SDR 82 TDI (0022810c003d30011e0103) TDO (0022500000000000000001) ;
RUNTEST 1 TCK;
SDR 82 TDI (0022860201200102020303) TDO (0022810c003d30011e0101) ;
RUNTEST 1 TCK;
SDR 82 TDI (0022890001310002061303) TDO (0022860201200102020301) ;
RUNTEST 1 TCK;
SDR 82 TDI (00228c00020002000c0003) TDO (0022890001310002061301) ;
RUNTEST 1 TCK;
SDR 82 TDI (00229202000001010e0103) TDO (00228c00020002000c0001) ;
RUNTEST 1 TCK;
SDR 82 TDI (0022a00000041000101003) TDO (00229202000001010e0101) ;
RUNTEST 1 TCK;
SDR 82 TDI (0022a40000000000000003) TDO (0022a00000041000101001) ;
RUNTEST 1 TCK;
SDR 82 TDI (0022a80000000000000003) TDO (0022a40000000000000001) ;
RUNTEST 1 TCK;
SDR 82 TDI (0022ac0000000000000003) TDO (0022a80000000000000001) ;
RUNTEST 1 TCK;
SDR 82 TDI (0022b00000000000000013) TDO (0022ac0000000000000001) ;
RUNTEST 1 TCK;
SDR 82 TDI (0022c004000418000c0003) TDO (0022b00000000000000011) ;
RUNTEST 1 TCK;
SDR 82 TDI (0022c40000000010080003) TDO (0022c004000418000c0001) ;
RUNTEST 1 TCK;
SDR 82 TDI (0022c800000000000c0003) TDO (0022c40000000010080001) ;
RUNTEST 1 TCK;
SDR 82 TDI (0022cc00000000000c0003) TDO (0022c800000000000c0001) ;
RUNTEST 1 TCK;
SDR 82 TDI (0022d000000080000c0003) TDO (0022cc00000000000c0001) ;
RUNTEST 1 TCK;
SDR 82 TDI (00230000031c0003080003) TDO (0022d000000080000c0001) ;
RUNTEST 1 TCK;
SDR 82 TDI (0023060002020202000303) TDO (00230000031c0003080001) ;
RUNTEST 1 TCK;
SDR 82 TDI (00230a0003028a03020303) TDO (0023060002020202000301) ;
RUNTEST 1 TCK;
SDR 82 TDI (00230c0000000000040043) TDO (00230a0003028a03020301) ;
RUNTEST 1 TCK;
SDR 82 TDI (002310000100c2010a0303) TDO (00230c0000000000040041) ;
RUNTEST 1 TCK;
SDR 82 TDI (0023200000040010000003) TDO (002310000100c2010a0301) ;
RUNTEST 1 TCK;
SDR 82 TDI (0023240000000000000003) TDO (0023200000040010000001) ;
RUNTEST 1 TCK;
SDR 82 TDI (0023280000000000000003) TDO (0023240000000000000001) ;
RUNTEST 1 TCK;
SDR 82 TDI (00232c0000002000000003) TDO (0023280000000000000001) ;
RUNTEST 1 TCK;
SDR 82 TDI (0023300000000000000033) TDO (00232c0000002000000001) ;
RUNTEST 1 TCK;
SDR 82 TDI (0023400000042080080003) TDO (0023300000000000000031) ;
RUNTEST 1 TCK;
SDR 82 TDI (0023440000002000000003) TDO (0023400000042080080001) ;
RUNTEST 1 TCK;
SDR 82 TDI (0023480000002000000007) TDO (0023440000002000000001) ;
RUNTEST 1 TCK;
SDR 82 TDI (00234c000000a000000003) TDO (0023480000002000000005) ;
RUNTEST 1 TCK;
SDR 82 TDI (0023500000002000000053) TDO (00234c000000a000000001) ;
RUNTEST 1 TCK;
SDR 82 TDI (0023830103030004010003) TDO (0023500000002000000051) ;
RUNTEST 1 TCK;
SDR 82 TDI (0023870000030203010303) TDO (0023830103030004010001) ;
RUNTEST 1 TCK;
SDR 82 TDI (00238a0101020002000003) TDO (0023870000030203010301) ;
RUNTEST 1 TCK;
SDR 82 TDI (00238c0000000000000003) TDO (00238a0101020002000001) ;
RUNTEST 1 TCK;
SDR 82 TDI (0023920002020200000303) TDO (00238c0000000000000001) ;
RUNTEST 1 TCK;
SDR 82 TDI (0023a00000000000000003) TDO (0023920002020200000301) ;
RUNTEST 1 TCK;
SDR 82 TDI (0023a40000000008000003) TDO (0023a00000000000000001) ;
RUNTEST 1 TCK;
SDR 82 TDI (0023a80000000000000003) TDO (0023a40000000008000001) ;
RUNTEST 1 TCK;
SDR 82 TDI (0023ac0000000000000003) TDO (0023a80000000000000001) ;
RUNTEST 1 TCK;
SDR 82 TDI (0023b00000002000000003) TDO (0023ac0000000000000001) ;
RUNTEST 1 TCK;
SDR 82 TDI (0023c00000000000000003) TDO (0023b00000002000000001) ;
RUNTEST 1 TCK;
SDR 82 TDI (0023c40000000000000003) TDO (0023c00000000000000001) ;
RUNTEST 1 TCK;
SDR 82 TDI (0023c80000000000000003) TDO (0023c40000000000000001) ;
RUNTEST 1 TCK;
SDR 82 TDI (0023cc0000000000000003) TDO (0023c80000000000000001) ;
RUNTEST 1 TCK;
SDR 82 TDI (0023d00000000000000003) TDO (0023cc0000000000000001) ;
RUNTEST 1 TCK;
SDR 82 TDI (0024020202000310000347) TDO (0023d00000000000000001) ;
RUNTEST 1 TCK;
SDR 82 TDI (0024060000000100000343) TDO (0024020202000310000345) ;
RUNTEST 1 TCK;
SDR 82 TDI (00240a0202000382000343) TDO (0024060000000100000341) ;
RUNTEST 1 TCK;
SDR 82 TDI (00240d0c01000000000043) TDO (00240a0202000382000341) ;
RUNTEST 1 TCK;
SDR 82 TDI (0024100002000003000003) TDO (00240d0c01000000000041) ;
RUNTEST 1 TCK;
SDR 82 TDI (0024200000000080000073) TDO (0024100002000003000001) ;
RUNTEST 1 TCK;
SDR 82 TDI (0024240000000080000007) TDO (0024200000000080000071) ;
RUNTEST 1 TCK;
SDR 82 TDI (0024280000000080000073) TDO (0024240000000080000005) ;
RUNTEST 1 TCK;
SDR 82 TDI (00242c0000000080000073) TDO (0024280000000080000071) ;
RUNTEST 1 TCK;
SDR 82 TDI (0024300000000080000073) TDO (00242c0000000080000071) ;
RUNTEST 1 TCK;
SDR 82 TDI (0024400000000080000077) TDO (0024300000000080000071) ;
RUNTEST 1 TCK;
SDR 82 TDI (0024440000000080000007) TDO (0024400000000080000075) ;
RUNTEST 1 TCK;
SDR 82 TDI (0024480000000080000077) TDO (0024440000000080000005) ;
RUNTEST 1 TCK;
SDR 82 TDI (00244c0000000080000073) TDO (0024480000000080000075) ;
RUNTEST 1 TCK;
SDR 82 TDI (0024500000008080040073) TDO (00244c0000000080000071) ;
RUNTEST 1 TCK;
SDR 82 TDI (0024820202020202000003) TDO (0024500000008080040071) ;
RUNTEST 1 TCK;
SDR 82 TDI (0024870370020301000003) TDO (0024820202020202000001) ;
RUNTEST 1 TCK;
SDR 82 TDI (0024890102000301020003) TDO (0024870370020301000001) ;
RUNTEST 1 TCK;
SDR 82 TDI (00248c0001000000000103) TDO (0024890102000301020001) ;
RUNTEST 1 TCK;
SDR 82 TDI (0024920202020202020003) TDO (00248c0001000000000101) ;
RUNTEST 1 TCK;
SDR 82 TDI (0024a00000100000000003) TDO (0024920202020202020001) ;
RUNTEST 1 TCK;
SDR 82 TDI (0024a40070000000000003) TDO (0024a00000100000000001) ;
RUNTEST 1 TCK;
SDR 82 TDI (0024a80000000000000003) TDO (0024a40070000000000001) ;
RUNTEST 1 TCK;
SDR 82 TDI (0024ac0000000000000003) TDO (0024a80000000000000001) ;
RUNTEST 1 TCK;
SDR 82 TDI (0024b00000000000000003) TDO (0024ac0000000000000001) ;
RUNTEST 1 TCK;
SDR 82 TDI (0024c00000000000000003) TDO (0024b00000000000000001) ;
RUNTEST 1 TCK;
SDR 82 TDI (0024c40030000000000003) TDO (0024c00000000000000001) ;
RUNTEST 1 TCK;
SDR 82 TDI (0024c80000000000000003) TDO (0024c40030000000000001) ;
RUNTEST 1 TCK;
SDR 82 TDI (0024cc0400000000000003) TDO (0024c80000000000000001) ;
RUNTEST 1 TCK;
SDR 82 TDI (0024d00000000000000003) TDO (0024cc0400000000000001) ;
RUNTEST 1 TCK;
SDR 82 TDI (0025020003020103000103) TDO (0024d00000000000000001) ;
RUNTEST 1 TCK;
SDR 82 TDI (0025060002034301000103) TDO (0025020003020103000101) ;
RUNTEST 1 TCK;
SDR 82 TDI (002508000201490b000103) TDO (0025060002034301000101) ;
RUNTEST 1 TCK;
SDR 82 TDI (00250c0000008000000203) TDO (002508000201490b000101) ;
RUNTEST 1 TCK;
SDR 82 TDI (0025120001020600000003) TDO (00250c0000008000000201) ;
RUNTEST 1 TCK;
SDR 82 TDI (0025200000000000000003) TDO (0025120001020600000001) ;
RUNTEST 1 TCK;
SDR 82 TDI (0025240000000000000003) TDO (0025200000000000000001) ;
RUNTEST 1 TCK;
SDR 82 TDI (0025280000000000000003) TDO (0025240000000000000001) ;
RUNTEST 1 TCK;
SDR 82 TDI (00252c0000002000000003) TDO (0025280000000000000001) ;
RUNTEST 1 TCK;
SDR 82 TDI (002530040000c000000003) TDO (00252c0000002000000001) ;
RUNTEST 1 TCK;
SDR 82 TDI (0025400000000000000003) TDO (002530040000c000000001) ;
RUNTEST 1 TCK;
SDR 82 TDI (0025440000000000000003) TDO (0025400000000000000001) ;
RUNTEST 1 TCK;
SDR 82 TDI (0025480000000000000043) TDO (0025440000000000000001) ;
RUNTEST 1 TCK;
SDR 82 TDI (00254c0000002000000003) TDO (0025480000000000000041) ;
RUNTEST 1 TCK;
SDR 82 TDI (0025500000002000000003) TDO (00254c0000002000000001) ;
RUNTEST 1 TCK;
SDR 82 TDI (0025810003030103dc0303) TDO (0025500000002000000001) ;
RUNTEST 1 TCK;
SDR 82 TDI (0025870201030501040303) TDO (0025810003030103dc0301) ;
RUNTEST 1 TCK;
SDR 82 TDI (00258908010203030c0303) TDO (0025870201030501040301) ;
RUNTEST 1 TCK;
SDR 82 TDI (00258c00000040000c0003) TDO (00258908010203030c0301) ;
RUNTEST 1 TCK;
SDR 82 TDI (00259202020100040c0203) TDO (00258c00000040000c0001) ;
RUNTEST 1 TCK;
SDR 82 TDI (0025a00000000000f00003) TDO (00259202020100040c0201) ;
RUNTEST 1 TCK;
SDR 82 TDI (0025a4000000c000000003) TDO (0025a00000000000f00001) ;
RUNTEST 1 TCK;
SDR 82 TDI (0025a800008000000c4003) TDO (0025a4000000c000000001) ;
RUNTEST 1 TCK;
SDR 82 TDI (0025ac00000000000c0003) TDO (0025a800008000000c4001) ;
RUNTEST 1 TCK;
SDR 82 TDI (0025b000000000000c0003) TDO (0025ac00000000000c0001) ;
RUNTEST 1 TCK;
SDR 82 TDI (0025c00000000000ec4003) TDO (0025b000000000000c0001) ;
RUNTEST 1 TCK;
SDR 82 TDI (0025c40000004000080003) TDO (0025c00000000000ec4001) ;
RUNTEST 1 TCK;
SDR 82 TDI (0025c800000000000c0003) TDO (0025c40000004000080001) ;
RUNTEST 1 TCK;
SDR 82 TDI (0025cc00000000000c0003) TDO (0025c800000000000c0001) ;
RUNTEST 1 TCK;
SDR 82 TDI (0025d000000000000c0003) TDO (0025cc00000000000c0001) ;
RUNTEST 1 TCK;
SDR 82 TDI (0026000003020200030003) TDO (0025d000000000000c0001) ;
RUNTEST 1 TCK;
SDR 82 TDI (0026060208020200030003) TDO (0026000003020200030001) ;
RUNTEST 1 TCK;
SDR 82 TDI (0026080000020200000003) TDO (0026060208020200030001) ;
RUNTEST 1 TCK;
SDR 82 TDI (00260c0000000103000303) TDO (0026080000020200000001) ;
RUNTEST 1 TCK;
SDR 82 TDI (0026120287000000030003) TDO (00260c0000000103000301) ;
RUNTEST 1 TCK;
SDR 82 TDI (0026200800000000000003) TDO (0026120287000000030001) ;
RUNTEST 1 TCK;
SDR 82 TDI (0026240000000000000003) TDO (0026200800000000000001) ;
RUNTEST 1 TCK;
SDR 82 TDI (0026280000000000000003) TDO (0026240000000000000001) ;
RUNTEST 1 TCK;
SDR 82 TDI (00262c0000000000000003) TDO (0026280000000000000001) ;
RUNTEST 1 TCK;
SDR 82 TDI (0026300400000000000003) TDO (00262c0000000000000001) ;
RUNTEST 1 TCK;
SDR 82 TDI (0026400004000000000003) TDO (0026300400000000000001) ;
RUNTEST 1 TCK;
SDR 82 TDI (0026440000000000000003) TDO (0026400004000000000001) ;
RUNTEST 1 TCK;
SDR 82 TDI (0026480008000000000003) TDO (0026440000000000000001) ;
RUNTEST 1 TCK;
SDR 82 TDI (00264c0040000000000003) TDO (0026480008000000000001) ;
RUNTEST 1 TCK;
SDR 82 TDI (0026500080000000000003) TDO (00264c0040000000000001) ;
RUNTEST 1 TCK;
SDR 82 TDI (0026800000000000002003) TDO (0026500080000000000001) ;
RUNTEST 1 TCK;
SDR 82 TDI (0026840000000000000003) TDO (0026800000000000002001) ;
RUNTEST 1 TCK;
SDR 82 TDI (0026880000000000000003) TDO (0026840000000000000001) ;
RUNTEST 1 TCK;
SDR 82 TDI (00268c0000000000000003) TDO (0026880000000000000001) ;
RUNTEST 1 TCK;
SDR 82 TDI (0026900000000000000003) TDO (00268c0000000000000001) ;
RUNTEST 1 TCK;
SDR 82 TDI (0026a00000000000000003) TDO (0026900000000000000001) ;
RUNTEST 1 TCK;
SDR 82 TDI (0026a40800000000000003) TDO (0026a00000000000000001) ;
RUNTEST 1 TCK;
SDR 82 TDI (0026a80000000000000003) TDO (0026a40800000000000001) ;
RUNTEST 1 TCK;
SDR 82 TDI (0026ac0000000004000003) TDO (0026a80000000000000001) ;
RUNTEST 1 TCK;
SDR 82 TDI (0026b00000000000000003) TDO (0026ac0000000004000001) ;
RUNTEST 1 TCK;
SDR 82 TDI (0026c00000100000000003) TDO (0026b00000000000000001) ;
RUNTEST 1 TCK;
SDR 82 TDI (0026c40000000008000003) TDO (0026c00000100000000001) ;
RUNTEST 1 TCK;
SDR 82 TDI (0026c80000000000001003) TDO (0026c40000000008000001) ;
RUNTEST 1 TCK;
SDR 82 TDI (0026cc0800000000000003) TDO (0026c80000000000001001) ;
RUNTEST 1 TCK;
SDR 82 TDI (0026d00000000000000003) TDO (0026cc0800000000000001) ;
RUNTEST 1 TCK;
SDR 82 TDI (0027010101010101010103) TDO (0026d00000000000000001) ;
RUNTEST 1 TCK;
SDR 82 TDI (0027050101010101000103) TDO (0027010101010101010101) ;
RUNTEST 1 TCK;
SDR 82 TDI (0027080800000000000003) TDO (0027050101010101000101) ;
RUNTEST 1 TCK;
SDR 82 TDI (00270c0000000000000003) TDO (0027080800000000000001) ;
RUNTEST 1 TCK;
SDR 82 TDI (0027100800000000000003) TDO (00270c0000000000000001) ;
RUNTEST 1 TCK;
SDR 82 TDI (0027200000000000002003) TDO (0027100800000000000001) ;
RUNTEST 1 TCK;
SDR 82 TDI (0027250101010101010103) TDO (0027200000000000002001) ;
RUNTEST 1 TCK;
SDR 82 TDI (0027280800000000000003) TDO (0027250101010101010101) ;
RUNTEST 1 TCK;
SDR 82 TDI (00272c0800000000000003) TDO (0027280800000000000001) ;
RUNTEST 1 TCK;
SDR 82 TDI (0027300800000000000003) TDO (00272c0800000000000001) ;
RUNTEST 1 TCK;
SDR 82 TDI (0027400000000000000003) TDO (0027300800000000000001) ;
RUNTEST 1 TCK;
SDR 82 TDI (0027440820000000000003) TDO (0027400000000000000001) ;
RUNTEST 1 TCK;
SDR 82 TDI (0027480800000000000003) TDO (0027440820000000000001) ;
RUNTEST 1 TCK;
SDR 82 TDI (00274c0800000000000003) TDO (0027480800000000000001) ;
RUNTEST 1 TCK;
SDR 82 TDI (0027500400000000000003) TDO (00274c0800000000000001) ;
RUNTEST 1 TCK;
SDR 82 TDI (00278000001c00c0dc0043) TDO (0027500400000000000001) ;
RUNTEST 1 TCK;
SDR 82 TDI (0027840000000000048843) TDO (00278000001c00c0dc0041) ;
RUNTEST 1 TCK;
SDR 82 TDI (00278804000000800cf003) TDO (0027840000000000048841) ;
RUNTEST 1 TCK;
SDR 82 TDI (00278c00000000000c0043) TDO (00278804000000800cf001) ;
RUNTEST 1 TCK;
SDR 82 TDI (00279000000000000c0003) TDO (00278c00000000000c0041) ;
RUNTEST 1 TCK;
SDR 82 TDI (0027a00000040470f00003) TDO (00279000000000000c0001) ;
RUNTEST 1 TCK;
SDR 82 TDI (0027a4000000048000a807) TDO (0027a00000040470f00001) ;
RUNTEST 1 TCK;
SDR 82 TDI (0027a800000000800cd043) TDO (0027a4000000048000a805) ;
RUNTEST 1 TCK;
SDR 82 TDI (0027ac00000000800c0043) TDO (0027a800000000800cd041) ;
RUNTEST 1 TCK;
SDR 82 TDI (0027b000000000840c0033) TDO (0027ac00000000800c0041) ;
RUNTEST 1 TCK;
SDR 82 TDI (0027c000000400e0ec0043) TDO (0027b000000000840c0031) ;
RUNTEST 1 TCK;
SDR 82 TDI (0027c40000000080080c03) TDO (0027c000000400e0ec0041) ;
RUNTEST 1 TCK;
SDR 82 TDI (0027c800000000880c7067) TDO (0027c40000000080080c01) ;
RUNTEST 1 TCK;
SDR 82 TDI (0027cc00000000800c0023) TDO (0027c800000000880c7065) ;
RUNTEST 1 TCK;
SDR 82 TDI (0027d000000000800c0053) TDO (0027cc00000000800c0021) ;
RUNTEST 1 TCK;
SDR 82 TDI (0028000000000000000003) TDO (0027d000000000800c0051) ;
RUNTEST 1 TCK;
SDR 82 TDI (0028040008000000000003) TDO (0028000000000000000001) ;
RUNTEST 1 TCK;
SDR 82 TDI (0028080000000800000003) TDO (0028040008000000000001) ;
RUNTEST 1 TCK;
SDR 82 TDI (00280c0000008000000003) TDO (0028080000000800000001) ;
RUNTEST 1 TCK;
SDR 82 TDI (0028100080004400000003) TDO (00280c0000008000000001) ;
RUNTEST 1 TCK;
SDR 82 TDI (0028200080000000000003) TDO (0028100080004400000001) ;
RUNTEST 1 TCK;
SDR 82 TDI (0028240000004000000003) TDO (0028200080000000000001) ;
RUNTEST 1 TCK;
SDR 82 TDI (0028280004004000000003) TDO (0028240000004000000001) ;
RUNTEST 1 TCK;
SDR 82 TDI (00282c0000006000000003) TDO (0028280004004000000001) ;
RUNTEST 1 TCK;
SDR 82 TDI (0028300000008000000003) TDO (00282c0000006000000001) ;
RUNTEST 1 TCK;
SDR 82 TDI (0028400084000000000003) TDO (0028300000008000000001) ;
RUNTEST 1 TCK;
SDR 82 TDI (0028440080000000000003) TDO (0028400084000000000001) ;
RUNTEST 1 TCK;
SDR 82 TDI (0028480088000000080003) TDO (0028440080000000000001) ;
RUNTEST 1 TCK;
SDR 82 TDI (00284c00c0002000000043) TDO (0028480088000000080001) ;
RUNTEST 1 TCK;
SDR 82 TDI (0028500080002000000003) TDO (00284c00c0002000000041) ;
RUNTEST 1 TCK;
SDR 82 TDI (0028800c000000c0000003) TDO (0028500080002000000001) ;
RUNTEST 1 TCK;
SDR 82 TDI (0028840000000000000003) TDO (0028800c000000c0000001) ;
RUNTEST 1 TCK;
SDR 82 TDI (0028880000000400000003) TDO (0028840000000000000001) ;
RUNTEST 1 TCK;
SDR 82 TDI (00288c0004000000000003) TDO (0028880000000400000001) ;
RUNTEST 1 TCK;
SDR 82 TDI (0028900000000000000003) TDO (00288c0004000000000001) ;
RUNTEST 1 TCK;
SDR 82 TDI (0028a00000000040000003) TDO (0028900000000000000001) ;
RUNTEST 1 TCK;
SDR 82 TDI (0028a40080000080000003) TDO (0028a00000000040000001) ;
RUNTEST 1 TCK;
SDR 82 TDI (0028a80000008080000003) TDO (0028a40080000080000001) ;
RUNTEST 1 TCK;
SDR 82 TDI (0028ac0000000080000003) TDO (0028a80000008080000001) ;
RUNTEST 1 TCK;
SDR 82 TDI (0028b00000004080000003) TDO (0028ac0000000080000001) ;
RUNTEST 1 TCK;
SDR 82 TDI (0028c00400000040000003) TDO (0028b00000004080000001) ;
RUNTEST 1 TCK;
SDR 82 TDI (0028c40000000000000003) TDO (0028c00400000040000001) ;
RUNTEST 1 TCK;
SDR 82 TDI (0028c80000004000000003) TDO (0028c40000000000000001) ;
RUNTEST 1 TCK;
SDR 82 TDI (0028cc0000000000000003) TDO (0028c80000004000000001) ;
RUNTEST 1 TCK;
SDR 82 TDI (0028d00000080000000003) TDO (0028cc0000000000000001) ;
RUNTEST 1 TCK;
SDR 82 TDI (0029000c000030e0000003) TDO (0028d00000080000000001) ;
RUNTEST 1 TCK;
SDR 82 TDI (0029040000000010000003) TDO (0029000c000030e0000001) ;
RUNTEST 1 TCK;
SDR 82 TDI (0029080000000000000003) TDO (0029040000000010000001) ;
RUNTEST 1 TCK;
SDR 82 TDI (00290c0000000000000003) TDO (0029080000000000000001) ;
RUNTEST 1 TCK;
SDR 82 TDI (0029100000000000000003) TDO (00290c0000000000000001) ;
RUNTEST 1 TCK;
SDR 82 TDI (0029200000001070000003) TDO (0029100000000000000001) ;
RUNTEST 1 TCK;
SDR 82 TDI (0029240000000000000003) TDO (0029200000001070000001) ;
RUNTEST 1 TCK;
SDR 82 TDI (0029280000000000000003) TDO (0029240000000000000001) ;
RUNTEST 1 TCK;
SDR 82 TDI (00292c0000000000000003) TDO (0029280000000000000001) ;
RUNTEST 1 TCK;
SDR 82 TDI (0029300000000000000003) TDO (00292c0000000000000001) ;
RUNTEST 1 TCK;
SDR 82 TDI (0029400400001870000003) TDO (0029300000000000000001) ;
RUNTEST 1 TCK;
SDR 82 TDI (0029440000000000000003) TDO (0029400400001870000001) ;
RUNTEST 1 TCK;
SDR 82 TDI (0029480000000000000003) TDO (0029440000000000000001) ;
RUNTEST 1 TCK;
SDR 82 TDI (00294c0000000000000003) TDO (0029480000000000000001) ;
RUNTEST 1 TCK;
SDR 82 TDI (0029500000000000000003) TDO (00294c0000000000000001) ;
RUNTEST 1 TCK;
SDR 82 TDI (0029800000000000c00043) TDO (0029500000000000000001) ;
RUNTEST 1 TCK;
SDR 82 TDI (0029840000000000040043) TDO (0029800000000000c00041) ;
RUNTEST 1 TCK;
SDR 82 TDI (0029880000000000080003) TDO (0029840000000000040041) ;
RUNTEST 1 TCK;
SDR 82 TDI (00298c0000000000000003) TDO (0029880000000000080001) ;
RUNTEST 1 TCK;
SDR 82 TDI (0029900000000000000003) TDO (00298c0000000000000001) ;
RUNTEST 1 TCK;
SDR 82 TDI (0029a00000000000e00003) TDO (0029900000000000000001) ;
RUNTEST 1 TCK;
SDR 82 TDI (0029a40000000000000007) TDO (0029a00000000000e00001) ;
RUNTEST 1 TCK;
SDR 82 TDI (0029a800000000000c0043) TDO (0029a40000000000000005) ;
RUNTEST 1 TCK;
SDR 82 TDI (0029ac00000000000c0043) TDO (0029a800000000000c0041) ;
RUNTEST 1 TCK;
SDR 82 TDI (0029b000000000000c0003) TDO (0029ac00000000000c0041) ;
RUNTEST 1 TCK;
SDR 82 TDI (0029c00800000000e00043) TDO (0029b000000000000c0001) ;
RUNTEST 1 TCK;
SDR 82 TDI (0029c40000400000000003) TDO (0029c00800000000e00041) ;
RUNTEST 1 TCK;
SDR 82 TDI (0029c80000000000000063) TDO (0029c40000400000000001) ;
RUNTEST 1 TCK;
SDR 82 TDI (0029cc0000000000000023) TDO (0029c80000000000000061) ;
RUNTEST 1 TCK;
SDR 82 TDI (0029d00000000000000003) TDO (0029cc0000000000000021) ;
RUNTEST 1 TCK;
SDR 82 TDI (002a000000000000000003) TDO (0029d00000000000000001) ;
RUNTEST 1 TCK;
SDR 82 TDI (002a040000000000000003) TDO (002a000000000000000001) ;
RUNTEST 1 TCK;
SDR 82 TDI (002a080000000000000003) TDO (002a040000000000000001) ;
RUNTEST 1 TCK;
SDR 82 TDI (002a0c0000000000000003) TDO (002a080000000000000001) ;
RUNTEST 1 TCK;
SDR 82 TDI (002a100000000000000003) TDO (002a0c0000000000000001) ;
RUNTEST 1 TCK;
SDR 82 TDI (002a200000000000000023) TDO (002a100000000000000001) ;
RUNTEST 1 TCK;
SDR 82 TDI (002a240000000000000003) TDO (002a200000000000000021) ;
RUNTEST 1 TCK;
SDR 82 TDI (002a280000000000000003) TDO (002a240000000000000001) ;
RUNTEST 1 TCK;
SDR 82 TDI (002a2c0000000000000003) TDO (002a280000000000000001) ;
RUNTEST 1 TCK;
SDR 82 TDI (002a300000000000000003) TDO (002a2c0000000000000001) ;
RUNTEST 1 TCK;
SDR 82 TDI (002a400000000000000003) TDO (002a300000000000000001) ;
RUNTEST 1 TCK;
SDR 82 TDI (002a440000000000000003) TDO (002a400000000000000001) ;
RUNTEST 1 TCK;
SDR 82 TDI (002a480000000000000003) TDO (002a440000000000000001) ;
RUNTEST 1 TCK;
SDR 82 TDI (002a4c0000000000040003) TDO (002a480000000000000001) ;
RUNTEST 1 TCK;
SDR 82 TDI (002a500000000000000003) TDO (002a4c0000000000040001) ;
RUNTEST 1 TCK;
SDR 82 TDI (002a800000000000001003) TDO (002a500000000000000001) ;
RUNTEST 1 TCK;
SDR 82 TDI (002a840000000000000003) TDO (002a800000000000001001) ;
RUNTEST 1 TCK;
SDR 82 TDI (002a880000000000000003) TDO (002a840000000000000001) ;
RUNTEST 1 TCK;
SDR 82 TDI (002a8c0000000000000003) TDO (002a880000000000000001) ;
RUNTEST 1 TCK;
SDR 82 TDI (002a900000000000000003) TDO (002a8c0000000000000001) ;
RUNTEST 1 TCK;
SDR 82 TDI (002aa00000000000000003) TDO (002a900000000000000001) ;
RUNTEST 1 TCK;
SDR 82 TDI (002aa40000000000000003) TDO (002aa00000000000000001) ;
RUNTEST 1 TCK;
SDR 82 TDI (002aa80000400000000003) TDO (002aa40000000000000001) ;
RUNTEST 1 TCK;
SDR 82 TDI (002aac0000000000100003) TDO (002aa80000400000000001) ;
RUNTEST 1 TCK;
SDR 82 TDI (002ab00000000000000003) TDO (002aac0000000000100001) ;
RUNTEST 1 TCK;
SDR 82 TDI (002ac00000000000000003) TDO (002ab00000000000000001) ;
RUNTEST 1 TCK;
SDR 82 TDI (002ac40000000000000003) TDO (002ac00000000000000001) ;
RUNTEST 1 TCK;
SDR 82 TDI (002ac80000000000002003) TDO (002ac40000000000000001) ;
RUNTEST 1 TCK;
SDR 82 TDI (002acc0000000000000003) TDO (002ac80000000000002001) ;
RUNTEST 1 TCK;
SDR 82 TDI (002ad00000000000000003) TDO (002acc0000000000000001) ;
RUNTEST 1 TCK;
SDR 82 TDI (002b000000000000000003) TDO (002ad00000000000000001) ;
RUNTEST 1 TCK;
SDR 82 TDI (002b040008000000000003) TDO (002b000000000000000001) ;
RUNTEST 1 TCK;
SDR 82 TDI (002b080000000000000003) TDO (002b040008000000000001) ;
RUNTEST 1 TCK;
SDR 82 TDI (002b0c0000000000000003) TDO (002b080000000000000001) ;
RUNTEST 1 TCK;
SDR 82 TDI (002b100084000000000003) TDO (002b0c0000000000000001) ;
RUNTEST 1 TCK;
SDR 82 TDI (002b200000000000000003) TDO (002b100084000000000001) ;
RUNTEST 1 TCK;
SDR 82 TDI (002b240000000000000003) TDO (002b200000000000000001) ;
RUNTEST 1 TCK;
SDR 82 TDI (002b280000000000000003) TDO (002b240000000000000001) ;
RUNTEST 1 TCK;
SDR 82 TDI (002b2c0000000000000003) TDO (002b280000000000000001) ;
RUNTEST 1 TCK;
SDR 82 TDI (002b300400000000000003) TDO (002b2c0000000000000001) ;
RUNTEST 1 TCK;
SDR 82 TDI (002b400000000000000023) TDO (002b300400000000000001) ;
RUNTEST 1 TCK;
SDR 82 TDI (002b440000000000000003) TDO (002b400000000000000021) ;
RUNTEST 1 TCK;
SDR 82 TDI (002b480008000080000003) TDO (002b440000000000000001) ;
RUNTEST 1 TCK;
SDR 82 TDI (002b4c0040000000000003) TDO (002b480008000080000001) ;
RUNTEST 1 TCK;
SDR 82 TDI (002b500080000000000003) TDO (002b4c0040000000000001) ;
RUNTEST 1 TCK;
SDR 82 TDI (002b800000000000000003) TDO (002b500080000000000001) ;
RUNTEST 1 TCK;
SDR 82 TDI (002b840000000000000003) TDO (002b800000000000000001) ;
RUNTEST 1 TCK;
SDR 82 TDI (002b880000000000000003) TDO (002b840000000000000001) ;
RUNTEST 1 TCK;
SDR 82 TDI (002b8c0000000000000003) TDO (002b880000000000000001) ;
RUNTEST 1 TCK;
SDR 82 TDI (002b900000000000000003) TDO (002b8c0000000000000001) ;
RUNTEST 1 TCK;
SDR 82 TDI (002ba00000000000000003) TDO (002b900000000000000001) ;
RUNTEST 1 TCK;
SDR 82 TDI (002ba40000000000000003) TDO (002ba00000000000000001) ;
RUNTEST 1 TCK;
SDR 82 TDI (002ba80800000000000003) TDO (002ba40000000000000001) ;
RUNTEST 1 TCK;
SDR 82 TDI (002bac0000000000000003) TDO (002ba80800000000000001) ;
RUNTEST 1 TCK;
SDR 82 TDI (002bb00000000000000003) TDO (002bac0000000000000001) ;
RUNTEST 1 TCK;
SDR 82 TDI (002bc00000000000000003) TDO (002bb00000000000000001) ;
RUNTEST 1 TCK;
SDR 82 TDI (002bc40000000000000003) TDO (002bc00000000000000001) ;
RUNTEST 1 TCK;
SDR 82 TDI (002bc80000000000000003) TDO (002bc40000000000000001) ;
RUNTEST 1 TCK;
SDR 82 TDI (002bcc0000000000000003) TDO (002bc80000000000000001) ;
RUNTEST 1 TCK;
SDR 82 TDI (002bd00000000000000003) TDO (002bcc0000000000000001) ;
RUNTEST 1 TCK;
SDR 82 TDI (002c000000008800000003) TDO (002bd00000000000000001) ;
RUNTEST 1 TCK;
SDR 82 TDI (002c04000000c400000003) TDO (002c000000008800000001) ;
RUNTEST 1 TCK;
SDR 82 TDI (002c08000000cc00000003) TDO (002c04000000c400000001) ;
RUNTEST 1 TCK;
SDR 82 TDI (002c0c000000c400000003) TDO (002c08000000cc00000001) ;
RUNTEST 1 TCK;
SDR 82 TDI (002c10000000c400040003) TDO (002c0c000000c400000001) ;
RUNTEST 1 TCK;
SDR 82 TDI (002c200000000000000003) TDO (002c10000000c400040001) ;
RUNTEST 1 TCK;
SDR 82 TDI (002c24000000e000100403) TDO (002c200000000000000001) ;
RUNTEST 1 TCK;
SDR 82 TDI (002c28000000e000000003) TDO (002c24000000e000100401) ;
RUNTEST 1 TCK;
SDR 82 TDI (002c2c000000e000000003) TDO (002c28000000e000000001) ;
RUNTEST 1 TCK;
SDR 82 TDI (002c30000000e000000003) TDO (002c2c000000e000000001) ;
RUNTEST 1 TCK;
SDR 82 TDI (002c40000000a000000003) TDO (002c30000000e000000001) ;
RUNTEST 1 TCK;
SDR 82 TDI (002c44000000e000080003) TDO (002c40000000a000000001) ;
RUNTEST 1 TCK;
SDR 82 TDI (002c48000000e000080003) TDO (002c44000000e000080001) ;
RUNTEST 1 TCK;
SDR 82 TDI (002c4c000000e000040003) TDO (002c48000000e000080001) ;
RUNTEST 1 TCK;
SDR 82 TDI (002c500000006080000003) TDO (002c4c000000e000040001) ;
RUNTEST 1 TCK;
SDR 82 TDI (002c800000004400000003) TDO (002c500000006080000001) ;
RUNTEST 1 TCK;
SDR 82 TDI (002c840000000800100003) TDO (002c800000004400000001) ;
RUNTEST 1 TCK;
SDR 82 TDI (002c880000000000000003) TDO (002c840000000800100001) ;
RUNTEST 1 TCK;
SDR 82 TDI (002c8c0000000000000003) TDO (002c880000000000000001) ;
RUNTEST 1 TCK;
SDR 82 TDI (002c900000000000000003) TDO (002c8c0000000000000001) ;
RUNTEST 1 TCK;
SDR 82 TDI (002ca0000000e000000403) TDO (002c900000000000000001) ;
RUNTEST 1 TCK;
SDR 82 TDI (002ca40000000000000003) TDO (002ca0000000e000000401) ;
RUNTEST 1 TCK;
SDR 82 TDI (002ca80000000000000003) TDO (002ca40000000000000001) ;
RUNTEST 1 TCK;
SDR 82 TDI (002cac0000000000000003) TDO (002ca80000000000000001) ;
RUNTEST 1 TCK;
SDR 82 TDI (002cb00000000000000023) TDO (002cac0000000000000001) ;
RUNTEST 1 TCK;
SDR 82 TDI (002cc00000004000000003) TDO (002cb00000000000000021) ;
RUNTEST 1 TCK;
SDR 82 TDI (002cc40000000000000003) TDO (002cc00000004000000001) ;
RUNTEST 1 TCK;
SDR 82 TDI (002cc80000000000000003) TDO (002cc40000000000000001) ;
RUNTEST 1 TCK;
SDR 82 TDI (002ccc0000000080000003) TDO (002cc80000000000000001) ;
RUNTEST 1 TCK;
SDR 82 TDI (002cd000000000000c0003) TDO (002ccc0000000080000001) ;
RUNTEST 1 TCK;
SDR 82 TDI (002d000000000000000003) TDO (002cd000000000000c0001) ;
RUNTEST 1 TCK;
SDR 82 TDI (002d040000000000000003) TDO (002d000000000000000001) ;
RUNTEST 1 TCK;
SDR 82 TDI (002d080000008800000003) TDO (002d040000000000000001) ;
RUNTEST 1 TCK;
SDR 82 TDI (002d0c0000000000000003) TDO (002d080000008800000001) ;
RUNTEST 1 TCK;
SDR 82 TDI (002d10000000c000000003) TDO (002d0c0000000000000001) ;
RUNTEST 1 TCK;
SDR 82 TDI (002d200000000000000003) TDO (002d10000000c000000001) ;
RUNTEST 1 TCK;
SDR 82 TDI (002d240000000000000003) TDO (002d200000000000000001) ;
RUNTEST 1 TCK;
SDR 82 TDI (002d280000000080000043) TDO (002d240000000000000001) ;
RUNTEST 1 TCK;
SDR 82 TDI (002d2c0000002000000003) TDO (002d280000000080000041) ;
RUNTEST 1 TCK;
SDR 82 TDI (002d300000002000000003) TDO (002d2c0000002000000001) ;
RUNTEST 1 TCK;
SDR 82 TDI (002d400000000000000003) TDO (002d300000002000000001) ;
RUNTEST 1 TCK;
SDR 82 TDI (002d440000000000000003) TDO (002d400000000000000001) ;
RUNTEST 1 TCK;
SDR 82 TDI (002d480000000000000003) TDO (002d440000000000000001) ;
RUNTEST 1 TCK;
SDR 82 TDI (002d4c0000008000000003) TDO (002d480000000000000001) ;
RUNTEST 1 TCK;
SDR 82 TDI (002d500000002000000003) TDO (002d4c0000008000000001) ;
RUNTEST 1 TCK;
SDR 82 TDI (002d800000200000000003) TDO (002d500000002000000001) ;
RUNTEST 1 TCK;
SDR 82 TDI (002d840000200000000003) TDO (002d800000200000000001) ;
RUNTEST 1 TCK;
SDR 82 TDI (002d880000200000000003) TDO (002d840000200000000001) ;
RUNTEST 1 TCK;
SDR 82 TDI (002d8c0000000000000003) TDO (002d880000200000000001) ;
RUNTEST 1 TCK;
SDR 82 TDI (002d900000000000000003) TDO (002d8c0000000000000001) ;
RUNTEST 1 TCK;
SDR 82 TDI (002da00000000000000003) TDO (002d900000000000000001) ;
RUNTEST 1 TCK;
SDR 82 TDI (002da40000200000000003) TDO (002da00000000000000001) ;
RUNTEST 1 TCK;
SDR 82 TDI (002da80000000000000003) TDO (002da40000200000000001) ;
RUNTEST 1 TCK;
SDR 82 TDI (002dac0000000000000003) TDO (002da80000000000000001) ;
RUNTEST 1 TCK;
SDR 82 TDI (002db00000000000000003) TDO (002dac0000000000000001) ;
RUNTEST 1 TCK;
SDR 82 TDI (002dc00000000000000003) TDO (002db00000000000000001) ;
RUNTEST 1 TCK;
SDR 82 TDI (002dc40000000000000003) TDO (002dc00000000000000001) ;
RUNTEST 1 TCK;
SDR 82 TDI (002dc80000002000000003) TDO (002dc40000000000000001) ;
RUNTEST 1 TCK;
SDR 82 TDI (002dcc0000000000000003) TDO (002dc80000002000000001) ;
RUNTEST 1 TCK;
SDR 82 TDI (002dd00000000000000003) TDO (002dcc0000000000000001) ;
RUNTEST 1 TCK;
SDR 82 TDI (002e000000000000340007) TDO (002dd00000000000000001) ;
RUNTEST 1 TCK;
SDR 82 TDI (002e040008000000000003) TDO (002e000000000000340005) ;
RUNTEST 1 TCK;
SDR 82 TDI (002e080000000000040043) TDO (002e040008000000000001) ;
RUNTEST 1 TCK;
SDR 82 TDI (002e0c0000000000080003) TDO (002e080000000000040041) ;
RUNTEST 1 TCK;
SDR 82 TDI (002e100084000000040003) TDO (002e0c0000000000080001) ;
RUNTEST 1 TCK;
SDR 82 TDI (002e200000000000100003) TDO (002e100084000000040001) ;
RUNTEST 1 TCK;
SDR 82 TDI (002e240000000000000003) TDO (002e200000000000100001) ;
RUNTEST 1 TCK;
SDR 82 TDI (002e280000000000000033) TDO (002e240000000000000001) ;
RUNTEST 1 TCK;
SDR 82 TDI (002e2c0000000000000033) TDO (002e280000000000000031) ;
RUNTEST 1 TCK;
SDR 82 TDI (002e300400000000000043) TDO (002e2c0000000000000031) ;
RUNTEST 1 TCK;
SDR 82 TDI (002e400000000000140003) TDO (002e300400000000000041) ;
RUNTEST 1 TCK;
SDR 82 TDI (002e440000000000080007) TDO (002e400000000000140001) ;
RUNTEST 1 TCK;
SDR 82 TDI (002e4800080000000c0013) TDO (002e440000000000080005) ;
RUNTEST 1 TCK;
SDR 82 TDI (002e4c00408000000c0053) TDO (002e4800080000000c0011) ;
RUNTEST 1 TCK;
SDR 82 TDI (002e5000800000000c0023) TDO (002e4c00408000000c0051) ;
RUNTEST 1 TCK;
SDR 82 TDI (002e8000003c0000088803) TDO (002e5000800000000c0021) ;
RUNTEST 1 TCK;
SDR 82 TDI (002e840000200000007003) TDO (002e8000003c0000088801) ;
RUNTEST 1 TCK;
SDR 82 TDI (002e880000300080000003) TDO (002e840000200000007001) ;
RUNTEST 1 TCK;
SDR 82 TDI (002e8c0000c00020040043) TDO (002e880000300080000001) ;
RUNTEST 1 TCK;
SDR 82 TDI (002e900000000000080003) TDO (002e8c0000c00020040041) ;
RUNTEST 1 TCK;
SDR 82 TDI (002ea00000040030000803) TDO (002e900000000000080001) ;
RUNTEST 1 TCK;
SDR 82 TDI (002ea40000000000005403) TDO (002ea00000040030000801) ;
RUNTEST 1 TCK;
SDR 82 TDI (002ea80000000000000003) TDO (002ea40000000000005401) ;
RUNTEST 1 TCK;
SDR 82 TDI (002eac0000000000000003) TDO (002ea80000000000000001) ;
RUNTEST 1 TCK;
SDR 82 TDI (002eb00000000004000033) TDO (002eac0000000000000001) ;
RUNTEST 1 TCK;
SDR 82 TDI (002ec000000400a0080403) TDO (002eb00000000004000031) ;
RUNTEST 1 TCK;
SDR 82 TDI (002ec40800000080007003) TDO (002ec000000400a0080401) ;
RUNTEST 1 TCK;
SDR 82 TDI (002ec80000000088000007) TDO (002ec40800000080007001) ;
RUNTEST 1 TCK;
SDR 82 TDI (002ecc0000000090000003) TDO (002ec80000000088000005) ;
RUNTEST 1 TCK;
SDR 82 TDI (002ed00000000080000053) TDO (002ecc0000000090000001) ;
RUNTEST 1 TCK;
SDR 82 TDI (002f000000000000140003) TDO (002ed00000000080000051) ;
RUNTEST 1 TCK;
SDR 82 TDI (002f040000000000000003) TDO (002f000000000000140001) ;
RUNTEST 1 TCK;
SDR 82 TDI (002f080000000000040003) TDO (002f040000000000000001) ;
RUNTEST 1 TCK;
SDR 82 TDI (002f0c0000000000080003) TDO (002f080000000000040001) ;
RUNTEST 1 TCK;
SDR 82 TDI (002f100000000000040003) TDO (002f0c0000000000080001) ;
RUNTEST 1 TCK;
SDR 82 TDI (002f200000004000100003) TDO (002f100000000000040001) ;
RUNTEST 1 TCK;
SDR 82 TDI (002f240000000000000003) TDO (002f200000004000100001) ;
RUNTEST 1 TCK;
SDR 82 TDI (002f280000000000000003) TDO (002f240000000000000001) ;
RUNTEST 1 TCK;
SDR 82 TDI (002f2c0000000000000003) TDO (002f280000000000000001) ;
RUNTEST 1 TCK;
SDR 82 TDI (002f300000000000000003) TDO (002f2c0000000000000001) ;
RUNTEST 1 TCK;
SDR 82 TDI (002f400000000000040003) TDO (002f300000000000000001) ;
RUNTEST 1 TCK;
SDR 82 TDI (002f440000000000080003) TDO (002f400000000000040001) ;
RUNTEST 1 TCK;
SDR 82 TDI (002f4800000000000c0003) TDO (002f440000000000080001) ;
RUNTEST 1 TCK;
SDR 82 TDI (002f4c00000000000c0003) TDO (002f4800000000000c0001) ;
RUNTEST 1 TCK;
SDR 82 TDI (002f5000000000000c0003) TDO (002f4c00000000000c0001) ;
RUNTEST 1 TCK;
SDR 82 TDI (002f8000001c0010c84003) TDO (002f5000000000000c0001) ;
RUNTEST 1 TCK;
SDR 82 TDI (002f840c00001010040003) TDO (002f8000001c0010c84001) ;
RUNTEST 1 TCK;
SDR 82 TDI (002f880000000000082003) TDO (002f840c00001010040001) ;
RUNTEST 1 TCK;
SDR 82 TDI (002f8c0000000000040003) TDO (002f880000000000082001) ;
RUNTEST 1 TCK;
SDR 82 TDI (002f900000000000080003) TDO (002f8c0000000000040001) ;
RUNTEST 1 TCK;
SDR 82 TDI (002fa00000040080e00073) TDO (002f900000000000080001) ;
RUNTEST 1 TCK;
SDR 82 TDI (002fa40000000000000003) TDO (002fa00000040080e00071) ;
RUNTEST 1 TCK;
SDR 82 TDI (002fa800000000000c0003) TDO (002fa40000000000000001) ;
RUNTEST 1 TCK;
SDR 82 TDI (002fac00000000000c0003) TDO (002fa800000000000c0001) ;
RUNTEST 1 TCK;
SDR 82 TDI (002fb000000000000c0003) TDO (002fac00000000000c0001) ;
RUNTEST 1 TCK;
SDR 82 TDI (002fc00000040000e80037) TDO (002fb000000000000c0001) ;
RUNTEST 1 TCK;
SDR 82 TDI (002fc40400000000000003) TDO (002fc00000040000e80035) ;
RUNTEST 1 TCK;
SDR 82 TDI (002fc80000000000000003) TDO (002fc40400000000000001) ;
RUNTEST 1 TCK;
SDR 82 TDI (002fcc0000000000000003) TDO (002fc80000000000000001) ;
RUNTEST 1 TCK;
SDR 82 TDI (002fd00000000000000003) TDO (002fcc0000000000000001) ;
RUNTEST 1 TCK;
SDR 82 TDI (0030000000000000000003) TDO (002fd00000000000000001) ;
RUNTEST 1 TCK;
SDR 82 TDI (0030040000000000000003) TDO (0030000000000000000001) ;
RUNTEST 1 TCK;
SDR 82 TDI (0030080c00008800000003) TDO (0030040000000000000001) ;
RUNTEST 1 TCK;
SDR 82 TDI (00300c0000000000000003) TDO (0030080c00008800000001) ;
RUNTEST 1 TCK;
SDR 82 TDI (0030100c0000c000000003) TDO (00300c0000000000000001) ;
RUNTEST 1 TCK;
SDR 82 TDI (0030200400000000000003) TDO (0030100c0000c000000001) ;
RUNTEST 1 TCK;
SDR 82 TDI (0030240400000000000003) TDO (0030200400000000000001) ;
RUNTEST 1 TCK;
SDR 82 TDI (0030280c00000000000003) TDO (0030240400000000000001) ;
RUNTEST 1 TCK;
SDR 82 TDI (00302c0c00002000000003) TDO (0030280c00000000000001) ;
RUNTEST 1 TCK;
SDR 82 TDI (0030300c00000000000003) TDO (00302c0c00002000000001) ;
RUNTEST 1 TCK;
SDR 82 TDI (0030400000000000000003) TDO (0030300c00000000000001) ;
RUNTEST 1 TCK;
SDR 82 TDI (0030440800000000000003) TDO (0030400000000000000001) ;
RUNTEST 1 TCK;
SDR 82 TDI (0030480c00000000000023) TDO (0030440800000000000001) ;
RUNTEST 1 TCK;
SDR 82 TDI (00304c080000a000000003) TDO (0030480c00000000000021) ;
RUNTEST 1 TCK;
SDR 82 TDI (0030500000002000000003) TDO (00304c080000a000000001) ;
RUNTEST 1 TCK;
SDR 82 TDI (0030800000000000000003) TDO (0030500000002000000001) ;
RUNTEST 1 TCK;
SDR 82 TDI (0030840000000000480003) TDO (0030800000000000000001) ;
RUNTEST 1 TCK;
SDR 82 TDI (0030880000000000000003) TDO (0030840000000000480001) ;
RUNTEST 1 TCK;
SDR 82 TDI (00308c0000000000000003) TDO (0030880000000000000001) ;
RUNTEST 1 TCK;
SDR 82 TDI (0030900000000000000003) TDO (00308c0000000000000001) ;
RUNTEST 1 TCK;
SDR 82 TDI (0030a00000000000000003) TDO (0030900000000000000001) ;
RUNTEST 1 TCK;
SDR 82 TDI (0030a40000000000200003) TDO (0030a00000000000000001) ;
RUNTEST 1 TCK;
SDR 82 TDI (0030a80000000000000003) TDO (0030a40000000000200001) ;
RUNTEST 1 TCK;
SDR 82 TDI (0030ac0000000000000003) TDO (0030a80000000000000001) ;
RUNTEST 1 TCK;
SDR 82 TDI (0030b00000000000000003) TDO (0030ac0000000000000001) ;
RUNTEST 1 TCK;
SDR 82 TDI (0030c00000200000000003) TDO (0030b00000000000000001) ;
RUNTEST 1 TCK;
SDR 82 TDI (0030c40000000004d00003) TDO (0030c00000200000000001) ;
RUNTEST 1 TCK;
SDR 82 TDI (0030c80000000000000003) TDO (0030c40000000004d00001) ;
RUNTEST 1 TCK;
SDR 82 TDI (0030cc0000000000000003) TDO (0030c80000000000000001) ;
RUNTEST 1 TCK;
SDR 82 TDI (0030d00400000000000003) TDO (0030cc0000000000000001) ;
RUNTEST 1 TCK;
SDR 82 TDI (0031000000000000000003) TDO (0030d00400000000000001) ;
RUNTEST 1 TCK;
SDR 82 TDI (0031040010000000000003) TDO (0031000000000000000001) ;
RUNTEST 1 TCK;
SDR 82 TDI (0031080000000000000003) TDO (0031040010000000000001) ;
RUNTEST 1 TCK;
SDR 82 TDI (00310c0000000000000003) TDO (0031080000000000000001) ;
RUNTEST 1 TCK;
SDR 82 TDI (0031100000000000000003) TDO (00310c0000000000000001) ;
RUNTEST 1 TCK;
SDR 82 TDI (0031200000000000080003) TDO (0031100000000000000001) ;
RUNTEST 1 TCK;
SDR 82 TDI (0031240000000000000003) TDO (0031200000000000080001) ;
RUNTEST 1 TCK;
SDR 82 TDI (0031280000000000000003) TDO (0031240000000000000001) ;
RUNTEST 1 TCK;
SDR 82 TDI (00312c0000000000000003) TDO (0031280000000000000001) ;
RUNTEST 1 TCK;
SDR 82 TDI (0031300000000000000003) TDO (00312c0000000000000001) ;
RUNTEST 1 TCK;
SDR 82 TDI (0031400000000000000003) TDO (0031300000000000000001) ;
RUNTEST 1 TCK;
SDR 82 TDI (0031440000000000000003) TDO (0031400000000000000001) ;
RUNTEST 1 TCK;
SDR 82 TDI (0031480000000000000003) TDO (0031440000000000000001) ;
RUNTEST 1 TCK;
SDR 82 TDI (00314c0000000000000003) TDO (0031480000000000000001) ;
RUNTEST 1 TCK;
SDR 82 TDI (0031500000000000000003) TDO (00314c0000000000000001) ;
RUNTEST 1 TCK;
SDR 82 TDI (0031800c00000000000047) TDO (0031500000000000000001) ;
RUNTEST 1 TCK;
SDR 82 TDI (0031840000000000000043) TDO (0031800c00000000000045) ;
RUNTEST 1 TCK;
SDR 82 TDI (0031880000000000000043) TDO (0031840000000000000041) ;
RUNTEST 1 TCK;
SDR 82 TDI (00318c0000000000000043) TDO (0031880000000000000041) ;
RUNTEST 1 TCK;
SDR 82 TDI (0031900000000000000003) TDO (00318c0000000000000041) ;
RUNTEST 1 TCK;
SDR 82 TDI (0031a00000000000000003) TDO (0031900000000000000001) ;
RUNTEST 1 TCK;
SDR 82 TDI (0031a40000000010000007) TDO (0031a00000000000000001) ;
RUNTEST 1 TCK;
SDR 82 TDI (0031a80000000000000073) TDO (0031a40000000010000005) ;
RUNTEST 1 TCK;
SDR 82 TDI (0031ac0000000000000073) TDO (0031a80000000000000071) ;
RUNTEST 1 TCK;
SDR 82 TDI (0031b00000000000000073) TDO (0031ac0000000000000071) ;
RUNTEST 1 TCK;
SDR 82 TDI (0031c00400400000000043) TDO (0031b00000000000000071) ;
RUNTEST 1 TCK;
SDR 82 TDI (0031c40000000000000007) TDO (0031c00400400000000041) ;
RUNTEST 1 TCK;
SDR 82 TDI (0031c80000000000000077) TDO (0031c40000000000000005) ;
RUNTEST 1 TCK;
SDR 82 TDI (0031cc0000000000000073) TDO (0031c80000000000000075) ;
RUNTEST 1 TCK;
SDR 82 TDI (0031d00000000000000073) TDO (0031cc0000000000000071) ;
RUNTEST 1 TCK;
SDR 82 TDI (0032000004000000000003) TDO (0031d00000000000000071) ;
RUNTEST 1 TCK;
SDR 82 TDI (003204000c000000000003) TDO (0032000004000000000001) ;
RUNTEST 1 TCK;
SDR 82 TDI (0032080804008800000003) TDO (003204000c000000000001) ;
RUNTEST 1 TCK;
SDR 82 TDI (00320c0004000000000003) TDO (0032080804008800000001) ;
RUNTEST 1 TCK;
SDR 82 TDI (003210088400c000000003) TDO (00320c0004000000000001) ;
RUNTEST 1 TCK;
SDR 82 TDI (0032200004000080000003) TDO (003210088400c000000001) ;
RUNTEST 1 TCK;
SDR 82 TDI (0032240004000000000003) TDO (0032200004000080000001) ;
RUNTEST 1 TCK;
SDR 82 TDI (0032280800000000000003) TDO (0032240004000000000001) ;
RUNTEST 1 TCK;
SDR 82 TDI (00322c0800002000000003) TDO (0032280800000000000001) ;
RUNTEST 1 TCK;
SDR 82 TDI (0032300800000000040003) TDO (00322c0800002000000001) ;
RUNTEST 1 TCK;
SDR 82 TDI (0032400004000000000003) TDO (0032300800000000040001) ;
RUNTEST 1 TCK;
SDR 82 TDI (0032440800000000000003) TDO (0032400004000000000001) ;
RUNTEST 1 TCK;
SDR 82 TDI (0032480808000000000003) TDO (0032440800000000000001) ;
RUNTEST 1 TCK;
SDR 82 TDI (00324c084000a000000003) TDO (0032480808000000000001) ;
RUNTEST 1 TCK;
SDR 82 TDI (0032500480002000000003) TDO (00324c084000a000000001) ;
RUNTEST 1 TCK;
SDR 82 TDI (0032800000000000000003) TDO (0032500480002000000001) ;
RUNTEST 1 TCK;
SDR 82 TDI (0032840000000000000003) TDO (0032800000000000000001) ;
RUNTEST 1 TCK;
SDR 82 TDI (0032880000000000004003) TDO (0032840000000000000001) ;
RUNTEST 1 TCK;
SDR 82 TDI (00328c0000000000000003) TDO (0032880000000000004001) ;
RUNTEST 1 TCK;
SDR 82 TDI (0032900000000000000003) TDO (00328c0000000000000001) ;
RUNTEST 1 TCK;
SDR 82 TDI (0032a00000000000004003) TDO (0032900000000000000001) ;
RUNTEST 1 TCK;
SDR 82 TDI (0032a40000000000000003) TDO (0032a00000000000004001) ;
RUNTEST 1 TCK;
SDR 82 TDI (0032a80004000000000003) TDO (0032a40000000000000001) ;
RUNTEST 1 TCK;
SDR 82 TDI (0032ac0400000000000003) TDO (0032a80004000000000001) ;
RUNTEST 1 TCK;
SDR 82 TDI (0032b00000000000000003) TDO (0032ac0400000000000001) ;
RUNTEST 1 TCK;
SDR 82 TDI (0032c00000000000000003) TDO (0032b00000000000000001) ;
RUNTEST 1 TCK;
SDR 82 TDI (0032c40000000000000003) TDO (0032c00000000000000001) ;
RUNTEST 1 TCK;
SDR 82 TDI (0032c80000000000000003) TDO (0032c40000000000000001) ;
RUNTEST 1 TCK;
SDR 82 TDI (0032cc0000400000000003) TDO (0032c80000000000000001) ;
RUNTEST 1 TCK;
SDR 82 TDI (0032d00000000000000003) TDO (0032cc0000400000000001) ;
RUNTEST 1 TCK;
SDR 82 TDI (0033000000000000c00003) TDO (0032d00000000000000001) ;
RUNTEST 1 TCK;
SDR 82 TDI (0033040000000000040003) TDO (0033000000000000c00001) ;
RUNTEST 1 TCK;
SDR 82 TDI (0033080800208800080003) TDO (0033040000000000040001) ;
RUNTEST 1 TCK;
SDR 82 TDI (00330c0000000000000003) TDO (0033080800208800080001) ;
RUNTEST 1 TCK;
SDR 82 TDI (003310080000c000000003) TDO (00330c0000000000000001) ;
RUNTEST 1 TCK;
SDR 82 TDI (0033200000000000e00003) TDO (003310080000c000000001) ;
RUNTEST 1 TCK;
SDR 82 TDI (0033240000000000000003) TDO (0033200000000000e00001) ;
RUNTEST 1 TCK;
SDR 82 TDI (00332808000000000c0003) TDO (0033240000000000000001) ;
RUNTEST 1 TCK;
SDR 82 TDI (00332c08000020000c0003) TDO (00332808000000000c0001) ;
RUNTEST 1 TCK;
SDR 82 TDI (00333008000020000c0003) TDO (00332c08000020000c0001) ;
RUNTEST 1 TCK;
SDR 82 TDI (0033400000000000e00003) TDO (00333008000020000c0001) ;
RUNTEST 1 TCK;
SDR 82 TDI (0033440800000000000003) TDO (0033400000000000e00001) ;
RUNTEST 1 TCK;
SDR 82 TDI (0033480800000000000003) TDO (0033440800000000000001) ;
RUNTEST 1 TCK;
SDR 82 TDI (00334c0800008000000003) TDO (0033480800000000000001) ;
RUNTEST 1 TCK;
SDR 82 TDI (0033500400002000000003) TDO (00334c0800008000000001) ;
RUNTEST 1 TCK;
SDR 82 TDI (00338000003c0000000007) TDO (0033500400002000000001) ;
RUNTEST 1 TCK;
SDR 82 TDI (0033840000200000000003) TDO (00338000003c0000000005) ;
RUNTEST 1 TCK;
SDR 82 TDI (0033880000100000000043) TDO (0033840000200000000001) ;
RUNTEST 1 TCK;
SDR 82 TDI (00338c0000000000000043) TDO (0033880000100000000041) ;
RUNTEST 1 TCK;
SDR 82 TDI (0033900000000000000003) TDO (00338c0000000000000041) ;
RUNTEST 1 TCK;
SDR 82 TDI (0033a00400040000000003) TDO (0033900000000000000001) ;
RUNTEST 1 TCK;
SDR 82 TDI (0033a40000000000000003) TDO (0033a00400040000000001) ;
RUNTEST 1 TCK;
SDR 82 TDI (0033a80000000000000033) TDO (0033a40000000000000001) ;
RUNTEST 1 TCK;
SDR 82 TDI (0033ac0000000000000033) TDO (0033a80000000000000031) ;
RUNTEST 1 TCK;
SDR 82 TDI (0033b00000000000000073) TDO (0033ac0000000000000031) ;
RUNTEST 1 TCK;
SDR 82 TDI (0033c00000040004000003) TDO (0033b00000000000000071) ;
RUNTEST 1 TCK;
SDR 82 TDI (0033c40000002000000007) TDO (0033c00000040004000001) ;
RUNTEST 1 TCK;
SDR 82 TDI (0033c80000000000000017) TDO (0033c40000002000000005) ;
RUNTEST 1 TCK;
SDR 82 TDI (0033cc0000000000000053) TDO (0033c80000000000000015) ;
RUNTEST 1 TCK;
SDR 82 TDI (0033d00000000000000073) TDO (0033cc0000000000000051) ;
RUNTEST 1 TCK;
SDR 82 TDI (0034000000000000100003) TDO (0033d00000000000000071) ;
RUNTEST 1 TCK;
SDR 82 TDI (0034040008000000040003) TDO (0034000000000000100001) ;
RUNTEST 1 TCK;
SDR 82 TDI (00340800000000000c0003) TDO (0034040008000000040001) ;
RUNTEST 1 TCK;
SDR 82 TDI (00340c00000000000c0003) TDO (00340800000000000c0001) ;
RUNTEST 1 TCK;
SDR 82 TDI (00341000840000000c0003) TDO (00340c00000000000c0001) ;
RUNTEST 1 TCK;
SDR 82 TDI (00342000000000001c0013) TDO (00341000840000000c0001) ;
RUNTEST 1 TCK;
SDR 82 TDI (0034240000000000000003) TDO (00342000000000001c0011) ;
RUNTEST 1 TCK;
SDR 82 TDI (00342800000000000c0003) TDO (0034240000000000000001) ;
RUNTEST 1 TCK;
SDR 82 TDI (00342c00000000000c0003) TDO (00342800000000000c0001) ;
RUNTEST 1 TCK;
SDR 82 TDI (00343004000000000c0003) TDO (00342c00000000000c0001) ;
RUNTEST 1 TCK;
SDR 82 TDI (0034400000000000040003) TDO (00343004000000000c0001) ;
RUNTEST 1 TCK;
SDR 82 TDI (0034440000000080080003) TDO (0034400000000000040001) ;
RUNTEST 1 TCK;
SDR 82 TDI (00344800080000000c0003) TDO (0034440000000080080001) ;
RUNTEST 1 TCK;
SDR 82 TDI (00344c00400000000c0003) TDO (00344800080000000c0001) ;
RUNTEST 1 TCK;
SDR 82 TDI (00345000800000000c0003) TDO (00344c00400000000c0001) ;
RUNTEST 1 TCK;
SDR 82 TDI (0034800000003000000003) TDO (00345000800000000c0001) ;
RUNTEST 1 TCK;
SDR 82 TDI (0034840000000000000003) TDO (0034800000003000000001) ;
RUNTEST 1 TCK;
SDR 82 TDI (0034880000000000000003) TDO (0034840000000000000001) ;
RUNTEST 1 TCK;
SDR 82 TDI (00348c0000000000000003) TDO (0034880000000000000001) ;
RUNTEST 1 TCK;
SDR 82 TDI (0034900000000000000003) TDO (00348c0000000000000001) ;
RUNTEST 1 TCK;
SDR 82 TDI (0034a00000001000000003) TDO (0034900000000000000001) ;
RUNTEST 1 TCK;
SDR 82 TDI (0034a40000000000000003) TDO (0034a00000001000000001) ;
RUNTEST 1 TCK;
SDR 82 TDI (0034a80000000000000003) TDO (0034a40000000000000001) ;
RUNTEST 1 TCK;
SDR 82 TDI (0034ac0000000000000003) TDO (0034a80000000000000001) ;
RUNTEST 1 TCK;
SDR 82 TDI (0034b00000000000000003) TDO (0034ac0000000000000001) ;
RUNTEST 1 TCK;
SDR 82 TDI (0034c00000001800000003) TDO (0034b00000000000000001) ;
RUNTEST 1 TCK;
SDR 82 TDI (0034c40000000000000003) TDO (0034c00000001800000001) ;
RUNTEST 1 TCK;
SDR 82 TDI (0034c80800200000000003) TDO (0034c40000000000000001) ;
RUNTEST 1 TCK;
SDR 82 TDI (0034cc0000000000000003) TDO (0034c80800200000000001) ;
RUNTEST 1 TCK;
SDR 82 TDI (0034d00000008000000003) TDO (0034cc0000000000000001) ;
RUNTEST 1 TCK;
SDR 82 TDI (0035000000000000000003) TDO (0034d00000008000000001) ;
RUNTEST 1 TCK;
SDR 82 TDI (0035040008000000000003) TDO (0035000000000000000001) ;
RUNTEST 1 TCK;
SDR 82 TDI (0035080000000000000003) TDO (0035040008000000000001) ;
RUNTEST 1 TCK;
SDR 82 TDI (00350c0000000000200003) TDO (0035080000000000000001) ;
RUNTEST 1 TCK;
SDR 82 TDI (0035100084000000000003) TDO (00350c0000000000200001) ;
RUNTEST 1 TCK;
SDR 82 TDI (0035200000000000000003) TDO (0035100084000000000001) ;
RUNTEST 1 TCK;
SDR 82 TDI (0035240000000000000003) TDO (0035200000000000000001) ;
RUNTEST 1 TCK;
SDR 82 TDI (0035280000000000000003) TDO (0035240000000000000001) ;
RUNTEST 1 TCK;
SDR 82 TDI (00352c0000000000000003) TDO (0035280000000000000001) ;
RUNTEST 1 TCK;
SDR 82 TDI (0035300400000000000003) TDO (00352c0000000000000001) ;
RUNTEST 1 TCK;
SDR 82 TDI (0035400000000000000003) TDO (0035300400000000000001) ;
RUNTEST 1 TCK;
SDR 82 TDI (0035440000000000000003) TDO (0035400000000000000001) ;
RUNTEST 1 TCK;
SDR 82 TDI (0035480008000000000003) TDO (0035440000000000000001) ;
RUNTEST 1 TCK;
SDR 82 TDI (00354c0040000000100003) TDO (0035480008000000000001) ;
RUNTEST 1 TCK;
SDR 82 TDI (0035500080000000000003) TDO (00354c0040000000100001) ;
RUNTEST 1 TCK;
SDR 82 TDI (00358000000030c01c0007) TDO (0035500080000000000001) ;
RUNTEST 1 TCK;
SDR 82 TDI (0035840000000000004003) TDO (00358000000030c01c0005) ;
RUNTEST 1 TCK;
SDR 82 TDI (0035880000000080040043) TDO (0035840000000000004001) ;
RUNTEST 1 TCK;
SDR 82 TDI (00358c00000000000c0043) TDO (0035880000000080040041) ;
RUNTEST 1 TCK;
SDR 82 TDI (00359000000000000c0003) TDO (00358c00000000000c0041) ;
RUNTEST 1 TCK;
SDR 82 TDI (0035a00000001070100003) TDO (00359000000000000c0001) ;
RUNTEST 1 TCK;
SDR 82 TDI (0035a40000000080000003) TDO (0035a00000001070100001) ;
RUNTEST 1 TCK;
SDR 82 TDI (0035a80000000080000033) TDO (0035a40000000080000001) ;
RUNTEST 1 TCK;
SDR 82 TDI (0035ac0800000080000033) TDO (0035a80000000080000031) ;
RUNTEST 1 TCK;
SDR 82 TDI (0035b00000000084000073) TDO (0035ac0800000080000031) ;
RUNTEST 1 TCK;
SDR 82 TDI (0035c000000018e00c0003) TDO (0035b00000000084000071) ;
RUNTEST 1 TCK;
SDR 82 TDI (0035c40000000080080007) TDO (0035c000000018e00c0001) ;
RUNTEST 1 TCK;
SDR 82 TDI (0035c800000000880c0017) TDO (0035c40000000080080005) ;
RUNTEST 1 TCK;
SDR 82 TDI (0035cc00002000800c0053) TDO (0035c800000000880c0015) ;
RUNTEST 1 TCK;
SDR 82 TDI (0035d000000080800c0073) TDO (0035cc00002000800c0051) ;
RUNTEST 1 TCK;
SDR 82 TDI (0035d000000080800c0073) TDO (0035d000000080800c0071) ;
//Loading device with 'bypass' instruction.
SIR 8 TDI (ff) ;
//Loading device with 'bypass' instruction.
SIR 8 TDI (ff) ;
TIR 0 ;
HIR 0 ;
HDR 0 ;
TDR 0 ;
TIR 0 ;
HIR 0 ;
TDR 0 ;
HDR 0 ;
SIR 8 TDI (ff) ;
SDR 1 TDI (00) SMASK (01) ;
